Chains: A, H, L, N
Residue contacts within 4.0 Å
ASP H:100B	ASP L:91	atom_contacts=2
ASP H:101	HIS L:55	atom_contacts=3
ASP H:101	LEU L:46	atom_contacts=3
GLN H:105	ASP L:41	atom_contacts=3
GLN H:105	GLY L:42	atom_contacts=2
GLN H:105	THR L:43	atom_contacts=2
GLN H:39	GLN L:38	atom_contacts=9
GLN H:39	PHE L:87	atom_contacts=1
GLY H:100C	ASP L:91	atom_contacts=1
GLY H:100C	LEU L:46	atom_contacts=1
GLY H:100C	TYR L:49	atom_contacts=2
GLY H:100D	ASN L:34	atom_contacts=2
GLY H:100D	ASP L:91	atom_contacts=1
GLY H:100D	TYR L:36	atom_contacts=2
LEU H:45	PHE L:87	atom_contacts=3
LEU H:45	PHE L:98	atom_contacts=9
PHE H:100E	GLN L:89	atom_contacts=3
PHE H:100E	LEU L:46	atom_contacts=1
PHE H:100E	PHE L:96	atom_contacts=1
PHE H:100E	PHE L:98	atom_contacts=2
PHE H:100E	TYR L:36	atom_contacts=8
TRP H:103	PHE L:98	atom_contacts=2
TRP H:103	TYR L:36	atom_contacts=2
TRP H:103	VAL L:44	atom_contacts=7
TRP H:47	PHE L:96	atom_contacts=8
TRP H:47	PRO L:95	atom_contacts=4
TYR H:100A	ASP L:91	atom_contacts=1
TYR H:100A	LEU L:94	atom_contacts=2
TYR H:100A	PHE L:96	atom_contacts=3
TYR H:102	SER L:56	atom_contacts=1
TYR H:35	PHE L:96	atom_contacts=5
TYR H:91	GLN L:38	atom_contacts=4
TYR H:91	GLY L:42	atom_contacts=5

