id,final_rank,designed_sequence,designed_chain_sequence,num_design,affinity_probability_binary1,design_to_target_iptm,min_design_to_target_pae,design_ptm,filter_rmsd,designfolding-filter_rmsd,plip_hbonds_refolded,delta_sasa_refolded,design_largest_hydrophobic_patch_refolded,design_chain_hydrophobicity,design_hydrophobicity,loop,helix,sheet,file_name,num_prot_tokens,num_lig_atoms,num_resolved_tokens,num_tokens,UNK_fraction,GLY_fraction,ALA_fraction,CYS_fraction,SER_fraction,PRO_fraction,THR_fraction,VAL_fraction,ILE_fraction,ASN_fraction,ASP_fraction,LEU_fraction,MET_fraction,GLN_fraction,GLU_fraction,LYS_fraction,HIS_fraction,PHE_fraction,ARG_fraction,TYR_fraction,TRP_fraction,liability_score,liability_num_violations,liability_high_severity_violations,liability_medium_severity_violations,liability_low_severity_violations,liability_ProtTryp_count,liability_MetOx_count,liability_MetOx_position,liability_MetOx_length,liability_MetOx_severity,liability_MetOx_details,liability_MetOx_positions,liability_MetOx_num_positions,liability_MetOx_global_details,liability_MetOx_avg_severity,liability_AspCleave_count,liability_AspCleave_position,liability_AspCleave_length,liability_AspCleave_severity,liability_AspCleave_details,liability_AspCleave_positions,liability_AspCleave_num_positions,liability_AspCleave_global_details,liability_AspCleave_avg_severity,liability_DPP4_count,liability_DPP4_position,liability_DPP4_length,liability_DPP4_severity,liability_DPP4_details,liability_DPP4_positions,liability_DPP4_num_positions,liability_DPP4_global_details,liability_DPP4_avg_severity,liability_AspBridge_count,liability_AspBridge_position,liability_AspBridge_length,liability_AspBridge_severity,liability_AspBridge_details,liability_AspBridge_positions,liability_AspBridge_num_positions,liability_AspBridge_global_details,liability_AspBridge_avg_severity,liability_ProtTryp_position,liability_ProtTryp_length,liability_ProtTryp_severity,liability_ProtTryp_details,liability_ProtTryp_positions,liability_ProtTryp_num_positions,liability_ProtTryp_global_details,liability_ProtTryp_avg_severity,liability_NTCycl_count,liability_NTCycl_position,liability_NTCycl_length,liability_NTCycl_severity,liability_NTCycl_details,liability_NTCycl_positions,liability_NTCycl_num_positions,liability_NTCycl_global_details,liability_NTCycl_avg_severity,liability_HydroPatch_count,liability_HydroPatch_position,liability_HydroPatch_length,liability_HydroPatch_severity,liability_HydroPatch_details,liability_HydroPatch_positions,liability_HydroPatch_num_positions,liability_HydroPatch_global_details,liability_HydroPatch_avg_severity,liability_TrpOx_count,liability_TrpOx_position,liability_TrpOx_length,liability_TrpOx_severity,liability_TrpOx_details,liability_TrpOx_positions,liability_TrpOx_num_positions,liability_TrpOx_global_details,liability_TrpOx_avg_severity,liability_violations_summary,native_rmsd,native_rmsd_bb,native_rmsd_refolded,native_rmsd_bb_refolded,designfolding-bb_rmsd,designfolding-bb_rmsd_design,designfolding-bb_rmsd_target,designfolding-bb_rmsd_design_target,designfolding-bb_target_aligned_rmsd_design,designfolding-bb_rmsd<2.5,designfolding-bb_target_aligned<2.5,designfolding-bb_designability_rmsd_2,designfolding-bb_designability_rmsd_4,designfolding-ligand_iptm,designfolding-interaction_pae,designfolding-min_interaction_pae,designfolding-min_design_to_target_pae,designfolding-iptm,designfolding-ptm,designfolding-protein_iptm,designfolding-design_iptm,designfolding-design_iiptm,designfolding-design_to_target_iptm,designfolding-design_residue_iptm,designfolding-target_ptm,designfolding-design_ptm,designfolding-design_ipsae_min,designfolding-design_to_target_ipsae,designfolding-target_to_design_ipsae,designfolding-complex_plddt,designfolding-complex_iplddt,designfolding-complex_pde,designfolding-complex_ipde,designfolding-min_interaction_pae<1.5,designfolding-min_interaction_pae<2,designfolding-min_interaction_pae<2.5,designfolding-min_interaction_pae<3,designfolding-min_interaction_pae<4,designfolding-min_interaction_pae<5,designfolding-design_ptm>80,designfolding-design_ptm>75,designfolding-design_iptm>80,designfolding-design_iptm>70,designfolding-design_iptm>60,designfolding-design_iptm>50,bb_rmsd,bb_rmsd_design,bb_rmsd_target,bb_rmsd_design_target,bb_target_aligned_rmsd_design,bb_rmsd<2.5,bb_target_aligned<2.5,bb_designability_rmsd_2,bb_designability_rmsd_4,ligand_iptm,interaction_pae,min_interaction_pae,iptm,ptm,protein_iptm,design_iptm,design_iiptm,design_residue_iptm,target_ptm,design_ipsae_min,design_to_target_ipsae,target_to_design_ipsae,complex_plddt,complex_iplddt,complex_pde,complex_ipde,min_interaction_pae<1.5,min_interaction_pae<2,min_interaction_pae<2.5,min_interaction_pae<3,min_interaction_pae<4,min_interaction_pae<5,design_ptm>80,design_ptm>75,design_iptm>80,design_iptm>70,design_iptm>60,design_iptm>50,design_sasa_unbound_refolded,design_sasa_bound_refolded,plip_saltbridge_refolded,affinity_pred_value,affinity_probability_binary,affinity_probability_binary2,affinity_pred_value2,affinity_pred_value1,affinity_probability_binary1>50,affinity_probability_binary1>75,liability_UnpairedCys_count,liability_UnpairedCys_position,liability_UnpairedCys_length,liability_UnpairedCys_severity,liability_UnpairedCys_details,liability_UnpairedCys_positions,liability_UnpairedCys_num_positions,liability_UnpairedCys_global_details,liability_UnpairedCys_avg_severity,liability_details,filter_rmsd_design,neg_min_design_to_target_pae,neg_design_hydrophobicity,neg_design_largest_hydrophobic_patch_refolded,neg_min_interaction_pae,neg_filter_rmsd,neg_filter_rmsd_design,has_x,num_filters_passed,pass_has_x_filter,pass_filters,pass_filter_rmsd_filter,pass_filter_rmsd_design_filter,pass_designfolding-filter_rmsd_filter,pass_ALA_fraction_filter,pass_GLY_fraction_filter,pass_GLU_fraction_filter,pass_LEU_fraction_filter,pass_VAL_fraction_filter,design_iiptm_z,design_ptm_z,min_design_to_target_pae_z,design_hydrophobicity_z,design_largest_hydrophobic_patch_refolded_z,delta_sasa_refolded_z,plip_saltbridge_refolded_z,plip_hbonds_refolded_z,affinity_probability_binary1_z,absolute_score,structure_confidence,rank_design_to_target_iptm,rank_design_ptm,rank_neg_min_design_to_target_pae,rank_affinity_probability_binary1,rank_plip_hbonds_refolded,rank_plip_saltbridge_refolded,rank_delta_sasa_refolded,max_rank,secondary_rank,quality_score,sequence
chorismite_29,1,SIDDLVGKWKGTLEGDVSAATGLPAGTYEVEVTVVRDGDTLHRLIKLYKDGVLVQENEDVWTRDGDVWKLERTTTLADGRVVTAKGTLEKVSDNTFRRELEWDNGAKVTVIYTKVSDDTVEVKVYVDGKLVATATLTKVEKA,SIDDLVGKWKGTLEGDVSAATGLPAGTYEVEVTVVRDGDTLHRLIKLYKDGVLVQENEDVWTRDGDVWKLERTTTLADGRVVTAKGTLEKVSDNTFRRELEWDNGAKVTVIYTKVSDDTVEVKVYVDGKLVATATLTKVEKA,142,0.43925,0.77555,2.62925,0.77978,1.76438,1.29228,6,345.14151,1157.59448,49.418,49.418,0.26056,0.05634,0.6831,chorismite_29.cif,142,16,158.0,158.0,0.0,0.08451,0.06338,0.0,0.02817,0.00704,0.12676,0.15493,0.02113,0.02113,0.10563,0.09155,0.0,0.00704,0.07746,0.09155,0.00704,0.00704,0.0493,0.02817,0.02817,315,33,30,3,0,0,0,-1,0,0,,,0,,0.0,0,-1,0,0,,37-127,5,,10.0,0,-1,0,0,,,0,,0.0,0,104,2,10,,,0,,0.0,-1,0,0,,8-141,20,,10.0,0,-1,0,0,,,0,,0.0,0,-1,0,0,,52-124,3,,5.0,0,-1,0,0,,9-102,4,,10.0,"AspBridge(pos104,sev10); AspCleavex5(pos37-127,sev10); ProtTrypx20(pos8-141,sev10); TrpOxx4(pos9-102,sev10); HydroPatchx3(pos52-124,sev5)",0.0,0.0,0.0,0.0,1.29228,1.29228,,,,True,False,True,True,0.0,0.0,100000.25,100000.25,0.0,0.74731,0.0,0.0,0.0,0.0,0.0,0.0,0.74731,0.0,0.0,0.0,0.68166,0.68166,0.74603,0.0,False,False,False,False,False,False,False,False,False,False,False,False,1.76438,1.76438,,1.76438,,True,False,True,True,0.77555,8.51497,2.62925,0.77555,0.77854,0.0,0.77555,0.77555,0.77555,0.87879,0.09776,0.09776,0.19851,0.65999,0.58696,0.86882,1.92127,False,False,False,True,True,True,False,True,False,True,True,True,348.50345,3.36194,0,2.10969,0.38115,0.32305,2.06475,2.15463,False,False,,,,,,,,,,,1.76438,-2.62925,-49.418,-1157.59448,-2.62925,-1.76438,-1.76438,False,9,True,True,True,True,True,True,True,True,True,True,3.697114018495363,2.9786647790806615,-1.5619882864671344,0.7216165881613033,1.246526914086449,-1.988502761162253,-0.9109110110510453,-0.2467505096716142,-0.17502668667726673,1.0790393001756358,2.6993738778011314,2.727272727272727,5.454545454545454,4.545454545454545,5.0,2.0,0.5,2.0,5.454545454545454,1,1.0,SIDDLVGKWKGTLEGDVSAATGLPAGTYEVEVTVVRDGDTLHRLIKLYKDGVLVQENEDVWTRDGDVWKLERTTTLADGRVVTAKGTLEKVSDNTFRRELEWDNGAKVTVIYTKVSDDTVEVKVYVDGKLVATATLTKVEKA
chorismite_28,2,MWENFVGTWKLVSSEGFEKYLKALGVPEEVAKKAAKMKPTLEITLDGDVLTVVTKSEYGNVTNTWPLALGVTQPVELTLWDGTVVKADVEVSLDGDVLVVTLRSGDLVVRIEYELEGDKLVVRFVVNGEEVATNVYERVE,MWENFVGTWKLVSSEGFEKYLKALGVPEEVAKKAAKMKPTLEITLDGDVLTVVTKSEYGNVTNTWPLALGVTQPVELTLWDGTVVKADVEVSLDGDVLVVTLRSGDLVVRIEYELEGDKLVVRFVVNGEEVATNVYERVE,140,0.51658,0.76072,2.62717,0.76779,0.78774,1.09366,2,361.73297,1166.18152,61.2266,61.2266,0.26429,0.14286,0.59286,chorismite_28.cif,140,16,156.0,156.0,0.0,0.07857,0.05,0.0,0.03571,0.02857,0.08571,0.18571,0.01429,0.03571,0.05714,0.11429,0.01429,0.00714,0.11429,0.07143,0.0,0.02143,0.02857,0.02857,0.02857,250,28,22,6,0,0,0,-1,0,0,,1-37,2,,5.0,0,-1,0,0,,46-94,3,,10.0,0,-1,0,0,,,0,,0.0,0,127,2,10,,,0,,0.0,-1,0,0,,10-138,14,,10.0,0,-1,0,0,,,0,,0.0,0,-1,0,0,,97-124,4,,5.0,0,-1,0,0,,2-80,4,,10.0,"AspBridge(pos127,sev10); AspCleavex3(pos46-94,sev10); ProtTrypx14(pos10-138,sev10); MetOxx2(pos1-37,sev5); TrpOxx4(pos2-80,sev10); HydroPatchx4(pos97-124,sev5)",0.0,0.0,0.0,0.0,1.09366,1.09366,,,,True,False,True,True,0.0,0.0,100000.25,100000.25,0.0,0.7127,0.0,0.0,0.0,0.0,0.0,0.0,0.7127,0.0,0.0,0.0,0.66883,0.66883,0.86391,0.0,False,False,False,False,False,False,False,False,False,False,False,False,0.78774,0.78774,,0.78774,,True,False,True,True,0.76072,8.76911,2.62717,0.76072,0.76277,0.0,0.76072,0.76072,0.76072,0.88675,0.08268,0.08268,0.18612,0.64483,0.55603,0.94302,2.36826,False,False,False,True,True,True,False,True,False,True,True,True,361.73297,0.0,0,2.39202,0.40792,0.29926,2.31104,2.47301,True,False,,,,,,,,,,,0.78774,-2.62717,-61.2266,-1166.18152,-2.62717,-0.78774,-0.78774,False,9,True,True,True,True,True,True,True,True,True,True,3.5574980571123076,2.6926804923580696,-1.5625265350429687,2.282419508454133,1.2660287333323703,-1.956277405822597,-0.9109110110510453,-1.144264437357798,0.22999901566377776,1.0613519203413921,2.5865459353337243,7.2727272727272725,7.2727272727272725,3.6363636363636362,2.0,4.0,0.5,0.5,7.2727272727272725,2,0.9642857142857143,MWENFVGTWKLVSSEGFEKYLKALGVPEEVAKKAAKMKPTLEITLDGDVLTVVTKSEYGNVTNTWPLALGVTQPVELTLWDGTVVKADVEVSLDGDVLVVTLRSGDLVVRIEYELEGDKLVVRFVVNGEEVATNVYERVE
chorismite_12,3,MKVAIVMAGGGGGGEGCARGAAELLVEQGCEVVLLAAAGVTTTEEEALETAREIAAEVGLPASRVHRVPGKITTYETGLEAGKLAAELGVDAVIVCAGIGATGLENAEKTVEGVREGLAEEGKDIPVFLALAPAGDFEAGVAAGREAAERALAALK,MKVAIVMAGGGGGGEGCARGAAELLVEQGCEVVLLAAAGVTTTEEEALETAREIAAEVGLPASRVHRVPGKITTYETGLEAGKLAAELGVDAVIVCAGIGATGLENAEKTVEGVREGLAEEGKDIPVFLALAPAGDFEAGVAAGREAAERALAALK,156,0.25372,0.84147,1.40539,0.7671,0.79833,1.18148,9,335.46036,1088.48853,48.5859,48.5859,0.27564,0.52564,0.19872,chorismite_12.cif,156,16,172.0,172.0,0.0,0.15385,0.20513,0.01923,0.00641,0.02564,0.05769,0.10256,0.03846,0.00641,0.01923,0.09615,0.01282,0.00641,0.14103,0.03846,0.00641,0.01282,0.04487,0.00641,0.0,190,22,16,6,0,0,0,-1,0,0,,1-7,2,,5.0,0,-1,0,0,,,0,,0.0,0,-1,0,0,,,0,,0.0,0,106,2,10,,,0,,0.0,-1,0,0,,2-150,12,,10.0,0,-1,0,0,,,0,,0.0,0,-1,0,0,,24-127,4,,5.0,0,-1,0,0,,,0,,0.0,"AspBridge(pos106,sev10); ProtTrypx12(pos2-150,sev10); MetOxx2(pos1-7,sev5); HydroPatchx4(pos24-127,sev5); UnpairedCysx3(pos17-96,sev10)",0.0,0.0,0.0,0.0,1.18148,1.18148,,,,True,False,True,True,0.0,0.0,100000.25,100000.25,0.0,0.77437,0.0,0.0,0.0,0.0,0.0,0.0,0.77437,0.0,0.0,0.0,0.67945,0.67945,0.66317,0.0,False,False,False,False,False,False,False,True,False,False,False,False,0.79833,0.79833,,0.79833,,True,False,True,True,0.84147,8.49427,1.40539,0.84147,0.77138,0.0,0.84147,0.84147,0.84147,0.92807,0.17184,0.17184,0.28228,0.69657,0.59801,0.72289,1.16927,True,True,True,True,True,True,False,True,True,True,True,True,356.44073,20.98039,0,2.34186,0.40305,0.55239,2.24646,2.43725,False,False,3.0,,,,,17-96,3.0,,10.0,,0.79833,-1.40539,-48.5859,-1088.48853,-1.40539,-0.79833,-0.79833,False,9,True,True,True,True,True,True,True,True,True,True,4.317713086220988,2.6762226810287473,-1.8786906432078387,0.611633685024974,1.089582059314878,-2.007306320273176,-0.9109110110510453,0.4263849360930235,-1.1467636394166163,0.9853771129323626,3.0138060279772803,0.9090909090909091,8.181818181818182,0.9090909090909091,9.0,0.5,0.5,4.5,9.0,3,0.9285714285714286,MKVAIVMAGGGGGGEGCARGAAELLVEQGCEVVLLAAAGVTTTEEEALETAREIAAEVGLPASRVHRVPGKITTYETGLEAGKLAAELGVDAVIVCAGIGATGLENAEKTVEGVREGLAEEGKDIPVFLALAPAGDFEAGVAAGREAAERALAALK
chorismite_10,4,ACKVEIIEISSAEEAVEIIRKYKPDLVVIGGSVPRDIAEAVIAEAHKLGAKVLGVARNQEAADYLLALGADEAVVGDPKEAAEVARKYKAKRVIAVGGGGGRTGAAAVGAIGADPEEITLKPGDSAEETAAYALEQNVEGTIVFLVPV,ACKVEIIEISSAEEAVEIIRKYKPDLVVIGGSVPRDIAEAVIAEAHKLGAKVLGVARNQEAADYLLALGADEAVVGDPKEAAEVARKYKAKRVIAVGGGGGRTGAAAVGAIGADPEEITLKPGDSAEETAAYALEQNVEGTIVFLVPV,148,0.34971,0.78085,2.504,0.76018,0.67875,0.76146,7,336.31177,900.06458,48.0132,48.0132,0.30405,0.4527,0.24324,chorismite_10.cif,148,16,164.0,164.0,0.0,0.10811,0.18919,0.00676,0.02703,0.04054,0.02703,0.12162,0.08108,0.01351,0.0473,0.06081,0.0,0.01351,0.11486,0.06757,0.00676,0.00676,0.04054,0.02703,0.0,230,25,21,4,0,0,0,-1,0,0,,,0,,0.0,0,-1,0,0,,77-124,3,,10.0,0,1,1,5,,,0,,0.0,0,58,2,10,,,0,,0.0,-1,0,0,,3-121,16,,10.0,0,-1,0,0,,,0,,0.0,0,-1,0,0,,26-142,3,,5.0,0,-1,0,0,,,0,,0.0,"AspBridge(pos58,sev10); AspCleavex3(pos77-124,sev10); ProtTrypx16(pos3-121,sev10); DPP4(pos1,sev5); HydroPatchx3(pos26-142,sev5); UnpairedCys(pos2,sev10)",0.0,0.0,0.0,0.0,0.76146,0.76146,,,,True,False,True,True,0.0,0.0,100000.25,100000.25,0.0,0.78949,0.0,0.0,0.0,0.0,0.0,0.0,0.78949,0.0,0.0,0.0,0.65049,0.65049,0.61649,0.0,False,False,False,False,False,False,False,True,False,False,False,False,0.67875,0.67875,,0.67875,,True,False,True,True,0.78085,8.45524,2.504,0.78085,0.75701,0.0,0.78085,0.78085,0.78085,0.92395,0.09045,0.09045,0.24045,0.62991,0.49787,0.79273,1.66487,False,False,False,True,True,True,False,True,False,True,True,True,357.84949,21.53773,0,1.62331,0.36851,0.3873,1.30686,1.93975,False,False,1.0,2.0,1.0,10.0,,,,,,,0.67875,-2.504,-48.0132,-900.06458,-2.504,-0.67875,-0.67875,False,9,True,True,True,True,True,True,True,True,True,True,3.7470104848021872,2.5111675297259666,-1.594399649026392,0.5359370035850309,0.6616569751761636,-2.005652638813573,-0.9109110110510453,-0.022372027750068284,-0.6440038157037387,0.9412962356234288,2.638797559476625,1.8181818181818181,9.09090909090909,1.8181818181818181,6.0,1.0,0.5,4.0,9.09090909090909,4,0.8928571428571429,ACKVEIIEISSAEEAVEIIRKYKPDLVVIGGSVPRDIAEAVIAEAHKLGAKVLGVARNQEAADYLLALGADEAVVGDPKEAAEVARKYKAKRVIAVGGGGGRTGAAAVGAIGADPEEITLKPGDSAEETAAYALEQNVEGTIVFLVPV
chorismite_14,5,ALPPLRVLARAGLVEVVLVPSGTDGLARGRALGRLLREEGIRKVLILSHRSEEYAKEIAKGLAEEGIEADVKVIPRPATFEQLKAAIREAVETAKENGYDAVVVLPEVAGLTLEQAYELGRELARLAAETGVRVVVVVGEDHREKAEALARGVREEVAAL,ALPPLRVLARAGLVEVVLVPSGTDGLARGRALGRLLREEGIRKVLILSHRSEEYAKEIAKGLAEEGIEADVKVIPRPATFEQLKAAIREAVETAKENGYDAVVVLPEVAGLTLEQAYELGRELARLAAETGVRVVVVVGEDHREKAEALARGVREEVAAL,160,0.31685,0.75726,3.02807,0.81319,0.80313,0.97221,3,313.95618,1343.00171,52.5463,52.5463,0.2625,0.51875,0.21875,chorismite_14.cif,160,16,176.0,176.0,0.0,0.0875,0.15625,0.0,0.01875,0.0375,0.03125,0.13125,0.0375,0.00625,0.025,0.13125,0.0,0.0125,0.14375,0.04375,0.0125,0.00625,0.1,0.01875,0.0,275,30,25,5,0,0,0,-1,0,0,,,0,,0.0,0,24,2,10,,,0,,0.0,0,1,1,5,,,0,,0.0,0,97,2,10,,,0,,0.0,-1,0,0,,6-154,23,,10.0,0,-1,0,0,,,0,,0.0,0,-1,0,0,,16-134,4,,5.0,0,-1,0,0,,,0,,0.0,"AspBridge(pos97,sev10); AspCleave(pos24,sev10); ProtTrypx23(pos6-154,sev10); DPP4(pos1,sev5); HydroPatchx4(pos16-134,sev5)",0.0,0.0,0.0,0.0,0.97221,0.97221,,,,True,False,True,True,0.0,0.0,100000.25,100000.25,0.0,0.79746,0.0,0.0,0.0,0.0,0.0,0.0,0.79746,0.0,0.0,0.0,0.70931,0.70931,0.56358,0.0,False,False,False,False,False,False,False,True,False,False,False,False,0.80313,0.80313,,0.80313,,True,False,True,True,0.75726,9.19272,3.02807,0.75726,0.8014,0.0,0.75726,0.75018,0.75726,0.89658,0.07176,0.07176,0.18406,0.70358,0.55097,0.71261,1.9621,False,False,False,False,True,True,True,True,False,True,True,True,345.38727,31.43109,0,2.00914,0.34637,0.3759,1.50429,2.51398,False,False,,,,,,,,,,,0.80313,-3.02807,-52.5463,-1343.00171,-3.02807,-0.80313,-0.80313,False,9,True,True,True,True,True,True,True,True,True,True,3.4582699901549643,3.7755567740265943,-1.4587842975179672,1.1350999626131488,1.6676007982592196,-2.049073581369422,-0.9109110110510453,-0.919885955436252,-0.8161122416564958,0.8395361313774684,2.7219330698744915,9.09090909090909,1.8181818181818181,9.09090909090909,8.0,3.5,0.5,5.0,9.09090909090909,4,0.8571428571428572,ALPPLRVLARAGLVEVVLVPSGTDGLARGRALGRLLREEGIRKVLILSHRSEEYAKEIAKGLAEEGIEADVKVIPRPATFEQLKAAIREAVETAKENGYDAVVVLPEVAGLTLEQAYELGRELARLAAETGVRVVVVVGEDHREKAEALARGVREEVAAL
chorismite_11,6,AAPATLTITSNIPLFEPFNGTWELESLESNFSPKTLERLSANTTLEYKLEGDTLIIKLENDVVNVTETFEILERTEDEIKGKGKFYDFVTEKLLPAEVTIKREGDELIVTQKVGDETYTIVYKREGDKLIVEYTYGDESAKRVYRRV,AAPATLTITSNIPLFEPFNGTWELESLESNFSPKTLERLSANTTLEYKLEGDTLIIKLENDVVNVTETFEILERTEDEIKGKGKFYDFVTEKLLPAEVTIKREGDELIVTQKVGDETYTIVYKREGDKLIVEYTYGDESAKRVYRRV,147,0.48058,0.76175,2.76155,0.74947,1.12448,1.60955,2,337.20758,1393.99463,56.485,56.485,0.2449,0.08844,0.66667,chorismite_11.cif,147,16,163.0,163.0,0.0,0.05442,0.04082,0.0,0.04082,0.03401,0.11565,0.07483,0.06803,0.04082,0.05442,0.10204,0.0,0.0068,0.14286,0.08163,0.0,0.04082,0.04762,0.04762,0.0068,235,26,21,5,0,0,0,-1,0,0,,,0,,0.0,0,-1,0,0,,,0,,0.0,0,1,1,5,,,0,,0.0,0,19,2,10,,,0,,0.0,-1,0,0,,34-146,19,,10.0,0,-1,0,0,,,0,,0.0,0,-1,0,0,,54-129,4,,5.0,0,22,1,10,,,0,,0.0,"AspBridge(pos19,sev10); ProtTrypx19(pos34-146,sev10); DPP4(pos1,sev5); TrpOx(pos22,sev10); HydroPatchx4(pos54-129,sev5)",0.0,0.0,0.0,0.0,1.60955,1.60955,,,,True,False,True,True,0.0,0.0,100000.25,100000.25,0.0,0.7032,0.0,0.0,0.0,0.0,0.0,0.0,0.7032,0.0,0.0,0.0,0.67906,0.67906,0.80666,0.0,False,False,False,False,False,False,False,False,False,False,False,False,1.12448,1.12448,,1.12448,,True,False,True,True,0.76175,8.50836,2.76155,0.76175,0.74743,0.0,0.76175,0.76175,0.76175,0.89541,0.09426,0.09426,0.20917,0.68385,0.55719,0.79456,1.57631,False,False,False,True,True,True,False,False,False,True,True,True,354.97729,17.76971,0,2.05638,0.39713,0.31368,1.81104,2.30172,False,False,,,,,,,,,,,1.12448,-2.76155,-56.485,-1393.99463,-2.76155,-1.12448,-1.12448,False,9,True,True,True,True,True,True,True,True,True,True,3.567194917545521,2.2557136756142953,-1.5277525717638225,1.6556980404680484,1.783409587860959,-2.0039127198693203,-0.9109110110510453,-1.144264437357798,0.04144444066988661,0.9543731846396281,2.4891217308465965,6.363636363636363,10.0,6.363636363636363,4.0,4.0,0.5,3.5,10.0,5,0.8214285714285714,AAPATLTITSNIPLFEPFNGTWELESLESNFSPKTLERLSANTTLEYKLEGDTLIIKLENDVVNVTETFEILERTEDEIKGKGKFYDFVTEKLLPAEVTIKREGDELIVTQKVGDETYTIVYKREGDKLIVEYTYGDESAKRVYRRV
chorismite_02,7,ALPPLPAVTPDPGFKLEDLVGTWKLVSSDSEPYYKALGVPEEEIEKLKNTVTITKDGDTYTLTVENDIRNTTVTFKLGEEFEYTTVDGRKVKATVTLDGNVLVEVREYGDEKVVVLRFLKGDKLVVVLTLGDVVATRVYEKV,ALPPLPAVTPDPGFKLEDLVGTWKLVSSDSEPYYKALGVPEEEIEKLKNTVTITKDGDTYTLTVENDIRNTTVTFKLGEEFEYTTVDGRKVKATVTLDGNVLVEVREYGDEKVVVLRFLKGDKLVVVLTLGDVVATRVYEKV,142,0.63799,0.77188,2.73669,0.7439,0.83027,0.77169,6,351.34521,1435.70264,55.7542,55.7542,0.3662,0.11268,0.52113,chorismite_02.cif,142,16,158.0,158.0,0.0,0.07042,0.03521,0.0,0.02113,0.0493,0.11972,0.16197,0.02113,0.02817,0.07746,0.11268,0.0,0.0,0.09859,0.09155,0.0,0.02817,0.03521,0.04225,0.00704,260,28,24,4,0,0,0,-1,0,0,,,0,,0.0,0,-1,0,0,,11-98,5,,10.0,0,1,1,5,,,0,,0.0,0,-1,0,0,,,0,,0.0,-1,0,0,,15-141,18,,10.0,0,-1,0,0,,,0,,0.0,0,-1,0,0,,101-124,3,,5.0,0,23,1,10,,,0,,0.0,"AspCleavex5(pos11-98,sev10); ProtTrypx18(pos15-141,sev10); DPP4(pos1,sev5); TrpOx(pos23,sev10); HydroPatchx3(pos101-124,sev5)",0.0,0.0,0.0,0.0,0.77169,0.77169,,,,True,False,True,True,0.0,0.0,100000.25,100000.25,0.0,0.7207,0.0,0.0,0.0,0.0,0.0,0.0,0.7207,0.0,0.0,0.0,0.65466,0.65466,0.86417,0.0,False,False,False,False,False,False,False,False,False,False,False,False,0.83027,0.83027,,0.83027,,True,False,True,True,0.77188,8.83442,2.73669,0.77188,0.74237,0.0,0.77188,0.76217,0.77188,0.88128,0.08446,0.08446,0.21371,0.6245,0.53498,0.93441,1.97177,False,False,False,True,True,True,False,False,False,True,True,True,356.72998,5.38475,0,1.08682,0.53006,0.42212,0.93547,1.23816,True,False,,,,,,,,,,,0.83027,-2.73669,-55.7542,-1435.70264,-2.73669,-0.83027,-0.83027,False,9,True,True,True,True,True,True,True,True,True,True,3.5711489771396465,2.122858589955845,-1.5341856773384586,1.5591044752571,1.878131642506923,-1.9764534034251626,-0.9109110110510453,-0.2467505096716142,0.8658993198306746,1.2349206751008774,2.466705579782411,3.6363636363636362,10.909090909090908,5.454545454545454,1.0,2.0,0.5,1.5,10.909090909090908,6,0.7857142857142857,ALPPLPAVTPDPGFKLEDLVGTWKLVSSDSEPYYKALGVPEEEIEKLKNTVTITKDGDTYTLTVENDIRNTTVTFKLGEEFEYTTVDGRKVKATVTLDGNVLVEVREYGDEKVVVLRFLKGDKLVVVLTLGDVVATRVYEKV
chorismite_09,8,MKRIAVVTSGGPFGIGMGIGAAEKLKEAGCDVAAIVTDADPAARAAARARLEARGIRAVTVPDGDAAAIRAAIEAFAPDGLIATGGTGGNLAAVKVAKELGIKTVAAGVEGDPGAKAVAEVADAAVFVPGEIGDEEAGLKAGKEAAELLLELLK,MKRIAVVTSGGPFGIGMGIGAAEKLKEAGCDVAAIVTDADPAARAAARARLEARGIRAVTVPDGDAAAIRAAIEAFAPDGLIATGGTGGNLAAVKVAKELGIKTVAAGVEGDPGAKAVAEVADAAVFVPGEIGDEEAGLKAGKEAAELLLELLK,154,0.24768,0.75924,3.15447,0.74309,0.73202,0.83694,4,252.24373,1888.92407,47.2338,47.2338,0.25325,0.51299,0.23377,chorismite_09.cif,154,16,170.0,170.0,0.0,0.14286,0.24675,0.00649,0.00649,0.03896,0.03896,0.09091,0.06494,0.00649,0.05844,0.07143,0.01299,0.0,0.08442,0.06494,0.0,0.01948,0.04545,0.0,0.0,230,25,21,4,0,0,0,-1,0,0,,1-17,2,,5.0,0,-1,0,0,,40-112,4,,10.0,0,-1,0,0,,,0,,0.0,0,-1,0,0,,,0,,0.0,-1,0,0,,2-143,16,,10.0,0,-1,0,0,,,0,,0.0,0,-1,0,0,,126-148,2,,5.0,0,-1,0,0,,,0,,0.0,"AspCleavex4(pos40-112,sev10); ProtTrypx16(pos2-143,sev10); MetOxx2(pos1-17,sev5); HydroPatchx2(pos126-148,sev5); UnpairedCys(pos30,sev10)",0.0,0.0,0.0,0.0,0.83694,0.83694,,,,True,False,True,True,0.0,0.0,100000.25,100000.25,0.0,0.75609,0.0,0.0,0.0,0.0,0.0,0.0,0.75609,0.0,0.0,0.0,0.63749,0.63749,0.72354,0.0,False,False,False,False,False,False,False,True,False,False,False,False,0.73202,0.73202,,0.73202,,True,False,True,True,0.75924,9.26947,3.15447,0.75924,0.73703,0.0,0.75924,0.75924,0.75924,0.91594,0.07338,0.07338,0.22451,0.66052,0.52771,0.85777,1.94044,False,False,False,False,True,True,False,False,False,True,True,True,360.34384,108.10011,0,2.14337,0.31511,0.38254,1.59016,2.69657,False,False,1.0,30.0,1.0,10.0,,,,,,,0.73202,-3.15447,-47.2338,-1888.92407,-3.15447,-0.73202,-0.73202,False,9,True,True,True,True,True,True,True,True,True,True,3.5435647042568177,2.1035385505692483,-1.4260753456018778,0.43291972837237025,2.9074318910486734,-2.168936789919529,-0.9109110110510453,-0.695507473514706,-1.1783989069989247,0.5611427654367691,2.408563730057328,8.181818181818182,11.818181818181817,10.909090909090908,10.0,3.0,0.5,6.5,11.818181818181817,7,0.75,MKRIAVVTSGGPFGIGMGIGAAEKLKEAGCDVAAIVTDADPAARAAARARLEARGIRAVTVPDGDAAAIRAAIEAFAPDGLIATGGTGGNLAAVKVAKELGIKTVAAGVEGDPGAKAVAEVADAAVFVPGEIGDEEAGLKAGKEAAELLLELLK
chorismite_08,9,MKVQLADLNTVDLSADIIVLTGKASPEEIAELILKVAEKKKAKKIAFLVDKKNKKGIENAKEIIEILKKKDPSIETKIIEVDFNDLEAFREALEKAFEEGYDLIVILPNSDALTEEQAYEIGRIIGEILKEKKRDIPVLVLTNNEKLAEAFYKGLVEAL,MKVQLADLNTVDLSADIIVLTGKASPEEIAELILKVAEKKKAKKIAFLVDKKNKKGIENAKEIIEILKKKDPSIETKIIEVDFNDLEAFREALEKAFEEGYDLIVILPNSDALTEEQAYEIGRIIGEILKEKKRDIPVLVLTNNEKLAEAFYKGLVEAL,159,0.21755,0.76983,2.52628,0.80706,0.57369,0.60394,2,343.65381,400.2753,59.2564,59.2564,0.30818,0.47799,0.21384,chorismite_08.cif,159,16,175.0,175.0,0.0,0.03774,0.10063,0.0,0.02516,0.02516,0.03145,0.06289,0.1195,0.04403,0.06289,0.1195,0.00629,0.01258,0.13836,0.14465,0.0,0.03145,0.01887,0.01887,0.0,320,35,29,6,0,0,0,1,1,5,,,0,,0.0,0,71,2,10,,,0,,0.0,0,-1,0,0,,,0,,0.0,0,-1,0,0,,59-109,2,,10.0,-1,0,0,,2-153,26,,10.0,0,-1,0,0,,,0,,0.0,0,-1,0,0,,17-138,5,,5.0,0,-1,0,0,,,0,,0.0,"AspBridgex2(pos59-109,sev10); AspCleave(pos71,sev10); ProtTrypx26(pos2-153,sev10); MetOx(pos1,sev5); HydroPatchx5(pos17-138,sev5)",0.0,0.0,0.0,0.0,0.60394,0.60394,,,,True,False,True,True,0.0,0.0,100000.25,100000.25,0.0,0.81365,0.0,0.0,0.0,0.0,0.0,0.0,0.81365,0.0,0.0,0.0,0.69747,0.69747,0.54579,0.0,False,False,False,False,False,False,True,True,False,False,False,False,0.57369,0.57369,,0.57369,,True,False,True,True,0.76983,9.35064,2.52628,0.76983,0.79984,0.0,0.76983,0.76983,0.76983,0.90698,0.06083,0.06083,0.21979,0.73403,0.60604,0.84301,2.48236,False,False,False,True,True,True,True,True,False,True,True,True,359.5054,15.85158,0,2.49388,0.28666,0.35578,1.97453,3.01322,False,False,,,,,,,,,,,0.57369,-2.52628,-59.2564,-400.2753,-2.52628,-0.57369,-0.57369,False,9,True,True,True,True,True,True,True,True,True,True,3.6432634925944143,3.629344624100867,-1.5886341787044738,2.022008120689205,-0.473402393315089,-1.9913922995837545,-0.9109110110510453,-1.144264437357798,-1.3362086110146454,0.7659451689035456,2.818627993339729,4.545454545454545,2.727272727272727,2.727272727272727,12.0,4.0,0.5,2.5,12.0,8,0.7142857142857143,MKVQLADLNTVDLSADIIVLTGKASPEEIAELILKVAEKKKAKKIAFLVDKKNKKGIENAKEIIEILKKKDPSIETKIIEVDFNDLEAFREALEKAFEEGYDLIVILPNSDALTEEQAYEIGRIIGEILKEKKRDIPVLVLTNNEKLAEAFYKGLVEAL
chorismite_13,10,MEIPPPQPNFDIKDLEGTWRLVYRTEEYLRALGADEETIEKLLKARPTVTIKIDGDVITVTIKSDFRNTTVTFKIGEKFEYTTMDGRKVESTLTIEDGVLVEELEWDGEKVTVKKYVVGDKLYVEVVRGDIRGLAVYERV,MEIPPPQPNFDIKDLEGTWRLVYRTEEYLRALGADEETIEKLLKARPTVTIKIDGDVITVTIKSDFRNTTVTFKIGEKFEYTTMDGRKVESTLTIEDGVLVEELEWDGEKVTVKKYVVGDKLYVEVVRGDIRGLAVYERV,140,0.48417,0.7234,3.35118,0.74147,1.42626,1.15307,1,342.13647,1124.36096,55.827,55.827,0.33571,0.12143,0.54286,chorismite_13.cif,140,16,156.0,156.0,0.0,0.07143,0.02857,0.0,0.01429,0.03571,0.10714,0.12143,0.07143,0.01429,0.07857,0.07857,0.01429,0.00714,0.12143,0.08571,0.0,0.02857,0.06429,0.04286,0.01429,300,33,27,6,0,0,0,-1,0,0,,1-84,2,,5.0,0,-1,0,0,,54-107,4,,10.0,0,-1,0,0,,,0,,0.0,0,-1,0,0,,,0,,0.0,-1,0,0,,13-139,21,,10.0,0,-1,0,0,,,0,,0.0,0,-1,0,0,,21-122,4,,5.0,0,-1,0,0,,19-106,2,,10.0,"AspCleavex4(pos54-107,sev10); ProtTrypx21(pos13-139,sev10); MetOxx2(pos1-84,sev5); TrpOxx2(pos19-106,sev10); HydroPatchx4(pos21-122,sev5)",0.0,0.0,0.0,0.0,1.15307,1.15307,,,,True,False,True,True,0.0,0.0,100000.25,100000.25,0.0,0.69536,0.0,0.0,0.0,0.0,0.0,0.0,0.69536,0.0,0.0,0.0,0.65129,0.65129,0.88665,0.0,False,False,False,False,False,False,False,False,False,False,False,False,1.42626,1.42626,,1.42626,,True,False,True,True,0.7234,8.8828,3.35118,0.7234,0.73701,0.0,0.7234,0.71561,0.7234,0.89791,0.06254,0.06254,0.19366,0.61541,0.49673,0.94844,2.16879,False,False,False,False,True,True,False,False,False,True,True,True,359.95197,17.8155,0,2.7126,0.38564,0.28711,2.61782,2.80738,False,False,,,,,,,,,,,1.42626,-3.35118,-55.827,-1124.36096,-3.35118,-1.42626,-1.42626,False,9,True,True,True,True,True,True,True,True,True,True,3.1328132278480036,2.064898471796053,-1.375172039182464,1.5687268227493785,1.1710510690984544,-1.9943394073531175,-0.9109110110510453,-1.3686429192793437,0.06024752189844398,0.8339470523675308,2.216173801171398,10.909090909090908,12.727272727272727,11.818181818181817,3.0,6.5,0.5,3.0,12.727272727272727,9,0.6785714285714286,MEIPPPQPNFDIKDLEGTWRLVYRTEEYLRALGADEETIEKLLKARPTVTIKIDGDVITVTIKSDFRNTTVTFKIGEKFEYTTMDGRKVESTLTIEDGVLVEELEWDGEKVTVKKYVVGDKLYVEVVRGDIRGLAVYERV
