id,final_rank,designed_sequence,designed_chain_sequence,num_design,design_to_target_iptm,min_design_to_target_pae,design_ptm,filter_rmsd,designfolding-filter_rmsd,plip_hbonds_refolded,delta_sasa_refolded,design_largest_hydrophobic_patch_refolded,design_chain_hydrophobicity,design_hydrophobicity,loop,helix,sheet,file_name,num_prot_tokens,num_lig_atoms,num_resolved_tokens,num_tokens,UNK_fraction,GLY_fraction,ALA_fraction,CYS_fraction,SER_fraction,PRO_fraction,THR_fraction,VAL_fraction,ILE_fraction,ASN_fraction,ASP_fraction,LEU_fraction,MET_fraction,GLN_fraction,GLU_fraction,LYS_fraction,HIS_fraction,PHE_fraction,ARG_fraction,TYR_fraction,TRP_fraction,liability_score,liability_num_violations,liability_high_severity_violations,liability_medium_severity_violations,liability_low_severity_violations,liability_ProtTryp_count,liability_MetOx_count,liability_AspBridge_count,liability_AspBridge_position,liability_AspBridge_length,liability_AspBridge_severity,liability_AspBridge_details,liability_AspBridge_positions,liability_AspBridge_num_positions,liability_AspBridge_global_details,liability_AspBridge_avg_severity,liability_DPP4_count,liability_DPP4_position,liability_DPP4_length,liability_DPP4_severity,liability_DPP4_details,liability_DPP4_positions,liability_DPP4_num_positions,liability_DPP4_global_details,liability_DPP4_avg_severity,liability_NTCycl_count,liability_NTCycl_position,liability_NTCycl_length,liability_NTCycl_severity,liability_NTCycl_details,liability_NTCycl_positions,liability_NTCycl_num_positions,liability_NTCycl_global_details,liability_NTCycl_avg_severity,liability_ProtTryp_position,liability_ProtTryp_length,liability_ProtTryp_severity,liability_ProtTryp_details,liability_ProtTryp_positions,liability_ProtTryp_num_positions,liability_ProtTryp_global_details,liability_ProtTryp_avg_severity,liability_AspCleave_count,liability_AspCleave_position,liability_AspCleave_length,liability_AspCleave_severity,liability_AspCleave_details,liability_AspCleave_positions,liability_AspCleave_num_positions,liability_AspCleave_global_details,liability_AspCleave_avg_severity,liability_HydroPatch_count,liability_HydroPatch_position,liability_HydroPatch_length,liability_HydroPatch_severity,liability_HydroPatch_details,liability_HydroPatch_positions,liability_HydroPatch_num_positions,liability_HydroPatch_global_details,liability_HydroPatch_avg_severity,liability_MetOx_position,liability_MetOx_length,liability_MetOx_severity,liability_MetOx_details,liability_MetOx_positions,liability_MetOx_num_positions,liability_MetOx_global_details,liability_MetOx_avg_severity,liability_TrpOx_count,liability_TrpOx_position,liability_TrpOx_length,liability_TrpOx_severity,liability_TrpOx_details,liability_TrpOx_positions,liability_TrpOx_num_positions,liability_TrpOx_global_details,liability_TrpOx_avg_severity,liability_violations_summary,native_rmsd,native_rmsd_bb,native_rmsd_refolded,native_rmsd_bb_refolded,designfolding-bb_rmsd,designfolding-bb_rmsd_design,designfolding-bb_rmsd_target,designfolding-bb_rmsd_design_target,designfolding-bb_target_aligned_rmsd_design,designfolding-bb_rmsd<2.5,designfolding-bb_target_aligned<2.5,designfolding-bb_designability_rmsd_2,designfolding-bb_designability_rmsd_4,designfolding-ligand_iptm,designfolding-interaction_pae,designfolding-min_interaction_pae,designfolding-min_design_to_target_pae,designfolding-iptm,designfolding-ptm,designfolding-protein_iptm,designfolding-design_iptm,designfolding-design_iiptm,designfolding-design_to_target_iptm,designfolding-design_residue_iptm,designfolding-target_ptm,designfolding-design_ptm,designfolding-design_ipsae_min,designfolding-design_to_target_ipsae,designfolding-target_to_design_ipsae,designfolding-complex_plddt,designfolding-complex_iplddt,designfolding-complex_pde,designfolding-complex_ipde,designfolding-min_interaction_pae<1.5,designfolding-min_interaction_pae<2,designfolding-min_interaction_pae<2.5,designfolding-min_interaction_pae<3,designfolding-min_interaction_pae<4,designfolding-min_interaction_pae<5,designfolding-design_ptm>80,designfolding-design_ptm>75,designfolding-design_iptm>80,designfolding-design_iptm>70,designfolding-design_iptm>60,designfolding-design_iptm>50,bb_rmsd,bb_rmsd_design,bb_rmsd_target,bb_rmsd_design_target,bb_target_aligned_rmsd_design,bb_rmsd<2.5,bb_target_aligned<2.5,bb_designability_rmsd_2,bb_designability_rmsd_4,ligand_iptm,interaction_pae,min_interaction_pae,iptm,ptm,protein_iptm,design_iptm,design_iiptm,design_residue_iptm,target_ptm,design_ipsae_min,design_to_target_ipsae,target_to_design_ipsae,complex_plddt,complex_iplddt,complex_pde,complex_ipde,min_interaction_pae<1.5,min_interaction_pae<2,min_interaction_pae<2.5,min_interaction_pae<3,min_interaction_pae<4,min_interaction_pae<5,design_ptm>80,design_ptm>75,design_iptm>80,design_iptm>70,design_iptm>60,design_iptm>50,design_sasa_unbound_refolded,design_sasa_bound_refolded,plip_saltbridge_refolded,liability_details,filter_rmsd_design,neg_min_design_to_target_pae,neg_design_hydrophobicity,neg_design_largest_hydrophobic_patch_refolded,neg_min_interaction_pae,neg_filter_rmsd,neg_filter_rmsd_design,has_x,num_filters_passed,pass_has_x_filter,pass_filters,pass_filter_rmsd_filter,pass_filter_rmsd_design_filter,pass_designfolding-filter_rmsd_filter,pass_ALA_fraction_filter,pass_GLY_fraction_filter,pass_GLU_fraction_filter,pass_LEU_fraction_filter,pass_VAL_fraction_filter,design_iiptm_z,design_ptm_z,min_design_to_target_pae_z,design_hydrophobicity_z,design_largest_hydrophobic_patch_refolded_z,delta_sasa_refolded_z,plip_saltbridge_refolded_z,plip_hbonds_refolded_z,absolute_score,structure_confidence,rank_design_to_target_iptm,rank_design_ptm,rank_neg_min_design_to_target_pae,rank_plip_hbonds_refolded,rank_plip_saltbridge_refolded,rank_delta_sasa_refolded,max_rank,secondary_rank,quality_score,sequence
zinc_finger_06,1,TRSSKLKTQRTTGEKPARSDHLKTQRTTGDTSSKVKPRRSDNLKRQRTTGEKPSRSDHLKRQRTTGGPKPTRSDKLKRQRTTGEKPARSDELKRQKTLRAKK,FQCRICMQNFTRSSKLKTHQRTHTGEKPFACDICGQKFARSDHLKTHQRTHTGDTSSKVKPFQCRICMQNFRRSDNLKRHQRTHTGEKPFACDICGQKFSRSDHLKRHQRTHTGGPKPFQCRICMQNFTRSDKLKRHQRTHTGEKPFACDICGRKFARSDELKRHQKTHLRAKK,102,0.50319,6.43388,0.50601,2.43206,5.17043,23,,305.94162,31.3995,9.3964,0.55882,0.44118,0.0,zinc_finger_06.cif,174,6,252.0,252.0,0.0,0.05882,0.02941,0.0,0.09804,0.05882,0.15686,0.0098,0.0,0.0098,0.05882,0.06863,0.0,0.05882,0.03922,0.16667,0.01961,0.0,0.16667,0.0,0.0,415,43,40,3,0,0,0,0,-1,0,0,,,0,,0.0,0,-1,0,0,,,0,,0.0,0,-1,0,0,,,0,,0.0,-1,0,0,,4-173,40,,10.0,0,-1,0,0,,,0,,0.0,0,-1,0,0,,,0,,0.0,-1,0,0,,7-125,3,,5.0,0,-1,0,0,,,0,,0.0,"ProtTrypx40(pos4-173,sev10); MetOxx3(pos7-125,sev5)",0.0,0.0,0.0,0.0,5.17043,5.17043,,,,False,False,False,False,0.0,0.0,100000.25,100000.25,0.0,0.41099,0.0,0.0,0.0,0.0,0.0,0.0,0.41099,0.0,0.0,0.0,0.6684,0.6684,1.02558,0.0,False,False,False,False,False,False,False,False,False,False,False,False,2.43206,2.08333,1.83339,4.09777,5.13119,True,False,False,True,0.40343,15.17979,6.43388,0.52555,0.54831,0.0,0.49902,0.50518,0.50319,0.67268,0.04202,0.04202,0.16333,0.52334,0.50443,1.36357,2.84657,False,False,False,False,False,False,False,False,False,False,False,False,,,0,,2.08333,-6.43388,-9.3964,-305.94162,-6.43388,-2.43206,-2.08333,False,3,True,False,True,True,False,True,True,True,True,True,1.151735226915006,-3.5512700145843614,-0.5774514215263844,-4.5682425106981315,-0.6876413366718891,,-0.9109110110510453,3.5676836829946663,,-0.018579343540316096,1.0,1.0,1.0,0.5,0.5,0.5,1.0,1,1.0,TRSSKLKTQRTTGEKPARSDHLKTQRTTGDTSSKVKPRRSDNLKRQRTTGEKPSRSDHLKRQRTTGGPKPTRSDKLKRQRTTGEKPARSDELKRQKTLRAKK
zinc_finger_22,2,SRSSHLKRQRTTGEKPTRSDHLKRQRTTTGGKREKPSRSDNLKRQRTTGEKPSRSDHLKTMRTTGGPKPTRSDHLKRQRTTGEKPARSDDLKRQRTKRAKK,FQCRICMQNFSRSSHLKRHQRTHTGEKPFACDICGQKFTRSDHLKRHQRTHTTGGKREKPFQCRICMQNFSRSDNLKRHQRTHTGEKPFACDICGQKFSRSDHLKTHMRTHTGGPKPFQCRICMQNFTRSDHLKRHQRTHTGEKPFACDICGRKFARSDDLKRHQRTHKRAKK,101,0.58819,5.29598,0.546,2.37495,6.32529,30,,365.33273,30.1885,6.3696,0.42574,0.57426,0.0,zinc_finger_22.cif,173,6,251.0,251.0,0.0,0.06931,0.0198,0.0,0.09901,0.05941,0.14851,0.0,0.0,0.0099,0.05941,0.05941,0.0099,0.0495,0.0396,0.14851,0.0396,0.0,0.18812,0.0,0.0,420,44,40,4,0,0,0,0,-1,0,0,,,0,,0.0,0,-1,0,0,,,0,,0.0,0,-1,0,0,,,0,,0.0,-1,0,0,,4-172,40,,10.0,0,-1,0,0,,,0,,0.0,0,-1,0,0,,,0,,0.0,-1,0,0,,7-124,4,,5.0,0,-1,0,0,,,0,,0.0,"ProtTrypx40(pos4-172,sev10); MetOxx4(pos7-124,sev5)",0.0,0.0,0.0,0.0,6.32529,6.32529,,,,False,False,False,False,0.0,0.0,100000.25,100000.25,0.0,0.39718,0.0,0.0,0.0,0.0,0.0,0.0,0.39718,0.0,0.0,0.0,0.65659,0.65659,1.05817,0.0,False,False,False,False,False,False,False,False,False,False,False,False,2.37495,2.73778,1.87958,3.92557,4.43611,True,False,False,True,0.44789,13.09519,5.29598,0.60698,0.62663,0.0,0.58443,0.59242,0.58819,0.72022,0.09359,0.09359,0.23395,0.54444,0.52636,1.23309,2.42111,False,False,False,False,False,False,False,False,False,False,False,True,,,0,,2.73778,-5.29598,-6.3696,-365.33273,-5.29598,-2.37495,-2.73778,False,2,True,False,True,False,False,True,True,True,True,True,1.9730498911805323,-2.597432514497921,-0.8719096207773179,-4.968310112204012,-0.5527596205002366,,-0.9109110110510453,5.138333056445488,,0.6184973018835558,2.0,3.0,4.0,2.5,1.0,1.0,4.0,2,0.9642857142857143,SRSSHLKRQRTTGEKPTRSDHLKRQRTTTGGKREKPSRSDNLKRQRTTGEKPSRSDHLKTMRTTGGPKPTRSDHLKRQRTTGEKPARSDDLKRQRTKRAKK
zinc_finger_02,3,SRSSHLKRIRTTGEKPSRSDHLKRMRTTEKEKPSRSDNLKRIRTTGEKPARSDHLKRIRTTGGEKPTRSDKLKTIRTTGEKPARSDELRRQKTLRAKK,FQCRICMQNFSRSSHLKRHIRTHTGEKPFACDICGQKFSRSDHLKRHMRTHTEKEKPFQCRICMQNFSRSDNLKRHIRTHTGEKPFACDICGQKFARSDHLKRHIRTHTGGEKPFQCRICMQNFTRSDKLKTHIRTHTGEKPFACDICGRKFARSDELRRHQKTHLRAKK,98,0.57673,5.06765,0.54987,2.13659,5.96842,42,,417.42371,35.1697,20.3249,0.63265,0.36735,0.0,zinc_finger_02.cif,170,6,248.0,248.0,0.0,0.05102,0.03061,0.0,0.10204,0.05102,0.13265,0.0,0.04082,0.0102,0.05102,0.07143,0.0102,0.0102,0.07143,0.15306,0.03061,0.0,0.18367,0.0,0.0,410,43,39,4,0,0,0,0,-1,0,0,,,0,,0.0,0,-1,0,0,,,0,,0.0,0,-1,0,0,,,0,,0.0,-1,0,0,,4-169,39,,10.0,0,-1,0,0,,,0,,0.0,0,-1,0,0,,,0,,0.0,-1,0,0,,7-121,4,,5.0,0,-1,0,0,,,0,,0.0,"ProtTrypx39(pos4-169,sev10); MetOxx4(pos7-121,sev5)",0.0,0.0,0.0,0.0,5.96842,5.96842,,,,False,False,False,False,0.0,0.0,100000.25,100000.25,0.0,0.42655,0.0,0.0,0.0,0.0,0.0,0.0,0.42655,0.0,0.0,0.0,0.68166,0.68166,1.0356,0.0,False,False,False,False,False,False,False,False,False,False,False,False,2.13659,3.25368,1.14927,4.25881,4.78762,True,False,False,True,0.48395,13.00543,5.06765,0.6015,0.62626,0.0,0.56988,0.57442,0.57673,0.74914,0.07717,0.07717,0.20773,0.54315,0.52561,1.19764,2.21788,False,False,False,False,False,False,False,False,False,False,False,True,,,0,,3.25368,-5.06765,-20.3249,-417.42371,-5.06765,-2.13659,-3.25368,False,2,True,False,True,False,False,True,True,True,True,True,1.8035901942894341,-2.505125659650848,-0.9309953406428294,-3.123766898481595,-0.4344570533405519,,-0.9109110110510453,7.830874839504038,,0.5928090820427357,3.0,2.0,3.0,1.0,1.0,4.0,4.0,2,0.9285714285714286,SRSSHLKRIRTTGEKPSRSDHLKRMRTTEKEKPSRSDNLKRIRTTGEKPARSDHLKRIRTTGGEKPTRSDKLKTIRTTGEKPARSDELRRQKTLRAKK
zinc_finger_14,4,TRSDHLKRQRTTGEKPSRSDHLKRMRTTGEKKPKPTRSDNLKRMRTTGEKPSRSDHLKRMRTTGGEKPTRSDHLKTQRTTGEKPSRSDELKRQKTKRAKK,FQCRICMQNFTRSDHLKRHQRTHTGEKPFACDICGQKFSRSDHLKRHMRTHTGEKKPKPFQCRICMQNFTRSDNLKRHMRTHTGEKPFACDICGQKFSRSDHLKRHMRTHTGGEKPFQCRICMQNFTRSDHLKTHQRTHTGEKPFACDICGRKFSRSDELKRHQKTHKRAKK,100,0.56141,4.96323,0.51637,2.20236,4.86894,27,,525.41907,32.0495,10.3481,0.64,0.36,0.0,zinc_finger_14.cif,172,6,250.0,250.0,0.0,0.06,0.01,0.0,0.09,0.06,0.15,0.0,0.0,0.01,0.06,0.06,0.03,0.03,0.06,0.17,0.04,0.0,0.17,0.0,0.0,430,46,40,6,0,0,0,0,-1,0,0,,,0,,0.0,0,-1,0,0,,,0,,0.0,0,-1,0,0,,,0,,0.0,-1,0,0,,4-171,40,,10.0,0,-1,0,0,,,0,,0.0,0,-1,0,0,,,0,,0.0,-1,0,0,,7-123,6,,5.0,0,-1,0,0,,,0,,0.0,"ProtTrypx40(pos4-171,sev10); MetOxx6(pos7-123,sev5)",0.0,0.0,0.0,0.0,4.86894,4.86894,,,,False,False,False,False,0.0,0.0,100000.25,100000.25,0.0,0.4252,0.0,0.0,0.0,0.0,0.0,0.0,0.4252,0.0,0.0,0.0,0.66981,0.66981,1.03025,0.0,False,False,False,False,False,False,False,False,False,False,False,False,2.20236,3.71695,1.32028,4.66643,5.18147,True,False,False,True,0.43632,13.64669,4.96323,0.56414,0.57904,0.0,0.54917,0.55506,0.56141,0.65758,0.08764,0.08764,0.23233,0.5434,0.53028,1.34674,2.70222,False,False,False,False,False,True,False,False,False,False,False,True,,,0,,3.71695,-4.96323,-10.3481,-525.41907,-4.96323,-2.20236,-3.71695,False,2,True,False,True,False,False,True,True,True,True,True,1.6213268758554518,-3.304164325639737,-0.9580164542431304,-4.4424514652530585,-0.1891913983397374,,-0.9109110110510453,4.46519761068085,,0.3709044669114855,4.0,4.0,2.0,3.5,1.0,1.5,4.0,2,0.8928571428571429,TRSDHLKRQRTTGEKPSRSDHLKRMRTTGEKKPKPTRSDNLKRMRTTGEKPSRSDHLKRMRTTGGEKPTRSDHLKTQRTTGEKPSRSDELKRQKTKRAKK
zinc_finger_08,5,TRSSHLKRLRTTGEKPARSDHLKRQTTTGEGKKGKPSRSDNLKRQRTTGEKPSRSDHLKQILTTGGPKPARSDHLKTQRTTGEKPARSDELKRQKTSKAKK,FQCRICMQNFTRSSHLKRHLRTHTGEKPFACDICGQKFARSDHLKRHQTTHTGEGKKGKPFQCRICMQNFSRSDNLKRHQRTHTGEKPFACDICGQKFSRSDHLKQHILTHTGGPKPFQCRICMQNFARSDHLKTHQRTHTGEKPFACDICGRKFARSDELKRHQKTHSKAKK,101,0.55683,5.34079,0.511,2.06249,4.50682,20,,765.27747,32.4145,14.3081,0.58416,0.41584,0.0,zinc_finger_08.cif,173,6,251.0,251.0,0.0,0.07921,0.0396,0.0,0.09901,0.05941,0.13861,0.0,0.0099,0.0099,0.0495,0.07921,0.0,0.0495,0.0495,0.16832,0.0396,0.0,0.12871,0.0,0.0,375,39,36,3,0,0,0,0,-1,0,0,,,0,,0.0,0,-1,0,0,,,0,,0.0,0,-1,0,0,,,0,,0.0,-1,0,0,,4-172,36,,10.0,0,-1,0,0,,,0,,0.0,0,-1,0,0,,,0,,0.0,-1,0,0,,7-124,3,,5.0,0,-1,0,0,,,0,,0.0,"ProtTrypx36(pos4-172,sev10); MetOxx3(pos7-124,sev5)",0.0,0.0,0.0,0.0,4.50682,4.50682,,,,False,False,False,False,0.0,0.0,100000.25,100000.25,0.0,0.37271,0.0,0.0,0.0,0.0,0.0,0.0,0.37271,0.0,0.0,0.0,0.66444,0.66444,1.05033,0.0,False,False,False,False,False,False,False,False,False,False,False,False,2.06249,3.63897,1.29444,4.3454,4.74658,True,False,False,True,0.41312,13.74866,5.34079,0.56329,0.57939,0.0,0.54666,0.55214,0.55683,0.652,0.07142,0.07142,0.22039,0.54346,0.52139,1.30561,2.66118,False,False,False,False,False,False,False,False,False,False,False,True,,,0,,3.63897,-5.34079,-14.3081,-765.27747,-5.34079,-2.06249,-3.63897,False,2,True,False,True,False,False,True,True,True,True,True,1.5938367472486732,-3.4322490312027316,-0.8603139867950398,-3.9190380577060497,0.3555452235248257,,-0.9109110110510453,2.8945482372300284,,0.2952104873769389,5.0,5.0,5.0,4.0,1.0,3.0,5.0,3,0.8571428571428572,TRSSHLKRLRTTGEKPARSDHLKRQTTTGEGKKGKPSRSDNLKRQRTTGEKPSRSDHLKQILTTGGPKPARSDHLKTQRTTGEKPARSDELKRQKTSKAKK
zinc_finger_11,6,SRSDHLKRQRTTGEKPARSSHLKLMRTTGEVTARTKKRARSDNLKRIRTTGEKPSRSDHLKQMRTTGGEKPTRSDHLKTQRTTGEKPARSDELKRQRTLRAKK,FQCRICMQNFSRSDHLKRHQRTHTGEKPFACDICGQKFARSSHLKLHMRTHTGEVTARTKKRFQCRICMQNFARSDNLKRHIRTHTGEKPFACDICGQKFSRSDHLKQHMRTHTGGEKPFQCRICMQNFTRSDHLKTHQRTHTGEKPFACDICGRKFARSDELKRHQRTHLRAKK,103,0.5439,5.39631,0.50832,2.35507,5.16329,33,,422.09537,33.9956,19.2533,0.59223,0.40777,0.0,zinc_finger_11.cif,175,6,253.0,253.0,0.0,0.05825,0.04854,0.0,0.08738,0.03883,0.14563,0.00971,0.00971,0.00971,0.04854,0.07767,0.01942,0.03883,0.05825,0.13592,0.03883,0.0,0.17476,0.0,0.0,405,43,38,5,0,0,0,0,-1,0,0,,,0,,0.0,0,-1,0,0,,,0,,0.0,0,-1,0,0,,,0,,0.0,-1,0,0,,4-174,38,,10.0,0,-1,0,0,,,0,,0.0,0,-1,0,0,,,0,,0.0,-1,0,0,,7-126,5,,5.0,0,-1,0,0,,,0,,0.0,"ProtTrypx38(pos4-174,sev10); MetOxx5(pos7-126,sev5)",0.0,0.0,0.0,0.0,5.16329,5.16329,,,,False,False,False,False,0.0,0.0,100000.25,100000.25,0.0,0.36344,0.0,0.0,0.0,0.0,0.0,0.0,0.36344,0.0,0.0,0.0,0.65357,0.65357,1.07172,0.0,False,False,False,False,False,False,False,False,False,False,False,False,2.35507,3.5922,1.556,4.59977,5.08399,True,False,False,True,0.42462,14.06493,5.39631,0.55632,0.57516,0.0,0.53415,0.54353,0.5439,0.66806,0.07753,0.07753,0.21293,0.531,0.51237,1.36495,2.73595,False,False,False,False,False,False,False,False,False,False,False,True,,,0,,3.5922,-5.39631,-19.2533,-422.09537,-5.39631,-2.35507,-3.5922,False,2,True,False,True,False,False,True,True,True,True,True,1.5127785255690975,-3.496172124481843,-0.8459468901939221,-3.2654057387662854,-0.4238473590921963,,-0.9109110110510453,5.811468502210126,,0.24425574140883924,7.0,6.0,6.0,2.0,1.0,2.5,7.0,4,0.8214285714285714,SRSDHLKRQRTTGEKPARSSHLKLMRTTGEVTARTKKRARSDNLKRIRTTGEKPSRSDHLKQMRTTGGEKPTRSDHLKTQRTTGEKPARSDELKRQRTLRAKK
zinc_finger_07,7,PRSDHLKRQRTTGEKPSRSDHLKRMRTTGEKVPKPSRSDNLKRQRTTGEKPSRSDHLKQMRTTGGEKPARSDKLKTQRTTGEKPSRSDELKRQKTLKAKK,FQCRICMQNFPRSDHLKRHQRTHTGEKPFACDICGQKFSRSDHLKRHMRTHTGEKVPKPFQCRICMQNFSRSDNLKRHQRTHTGEKPFACDICGQKFSRSDHLKQHMRTHTGGEKPFQCRICMQNFARSDKLKTHQRTHTGEKPFACDICGRKFSRSDELKRHQKTHLKAKK,100,0.54986,5.53346,0.50257,2.09109,6.55155,30,,334.32187,32.4405,14.1456,0.58,0.42,0.0,zinc_finger_07.cif,172,6,250.0,250.0,0.0,0.06,0.02,0.0,0.1,0.07,0.12,0.01,0.0,0.01,0.06,0.07,0.02,0.05,0.06,0.17,0.03,0.0,0.15,0.0,0.0,405,43,38,5,0,0,0,0,-1,0,0,,,0,,0.0,0,-1,0,0,,,0,,0.0,0,-1,0,0,,,0,,0.0,-1,0,0,,4-171,38,,10.0,0,-1,0,0,,,0,,0.0,0,-1,0,0,,,0,,0.0,-1,0,0,,7-123,5,,5.0,0,-1,0,0,,,0,,0.0,"ProtTrypx38(pos4-171,sev10); MetOxx5(pos7-123,sev5)",0.0,0.0,0.0,0.0,6.55155,6.55155,,,,False,False,False,False,0.0,0.0,100000.25,100000.25,0.0,0.37741,0.0,0.0,0.0,0.0,0.0,0.0,0.37741,0.0,0.0,0.0,0.67031,0.67031,1.05677,0.0,False,False,False,False,False,False,False,False,False,False,False,False,2.09109,3.25798,1.0714,4.32363,4.82441,True,False,False,True,0.42367,13.81119,5.53346,0.56085,0.57859,0.0,0.54093,0.54642,0.54986,0.66162,0.07255,0.07255,0.21127,0.5391,0.51992,1.31386,2.55616,False,False,False,False,False,False,False,False,False,False,False,True,,,0,,3.25798,-5.53346,-14.1456,-334.32187,-5.53346,-2.09109,-3.25798,False,2,True,False,True,False,False,True,True,True,True,True,1.5399862213477244,-3.6333205522262055,-0.8104561247248426,-3.9405165119298853,-0.6231876360190383,,-0.9109110110510453,5.138333056445488,,0.21351282798378574,6.0,8.0,7.0,2.5,1.0,3.5,8.0,5,0.7857142857142857,PRSDHLKRQRTTGEKPSRSDHLKRMRTTGEKVPKPSRSDNLKRQRTTGEKPSRSDHLKQMRTTGGEKPARSDKLKTQRTTGEKPSRSDELKRQKTLKAKK
zinc_finger_12,8,TRSDHLKRQRTTGEKPARSDHLKQMRTTGKKSKPSRSDNLKRMRTTGEKPSRSDHLKRIRTTGGEKPTRSDHLKRQRTTGEKPSRSDERKRIKTLKAKK,FQCRICMQNFTRSDHLKRHQRTHTGEKPFACDICGQKFARSDHLKQHMRTHTGKKSKPFQCRICMQNFSRSDNLKRHMRTHTGEKPFACDICGQKFSRSDHLKRHIRTHTGGEKPFQCRICMQNFTRSDHLKRHQRTHTGEKPFACDICGRKFSRSDERKRHIKTHLKAKK,99,0.52672,6.2981,0.50817,2.23466,4.0292,39,,412.30429,31.8012,12.2885,0.57576,0.42424,0.0,zinc_finger_12.cif,171,6,249.0,249.0,0.0,0.06061,0.0202,0.0,0.10101,0.05051,0.13131,0.0,0.0202,0.0101,0.06061,0.06061,0.0202,0.0303,0.05051,0.17172,0.0404,0.0,0.17172,0.0,0.0,425,45,40,5,0,0,0,0,-1,0,0,,,0,,0.0,0,-1,0,0,,,0,,0.0,0,-1,0,0,,,0,,0.0,-1,0,0,,4-170,40,,10.0,0,-1,0,0,,,0,,0.0,0,-1,0,0,,,0,,0.0,-1,0,0,,7-122,5,,5.0,0,-1,0,0,,,0,,0.0,"ProtTrypx40(pos4-170,sev10); MetOxx5(pos7-122,sev5)",0.0,0.0,0.0,0.0,4.0292,4.0292,,,,False,False,False,False,0.0,0.0,100000.25,100000.25,0.0,0.41132,0.0,0.0,0.0,0.0,0.0,0.0,0.41132,0.0,0.0,0.0,0.66865,0.66865,1.04012,0.0,False,False,False,False,False,False,False,False,False,False,False,False,2.23466,2.99319,1.14423,4.56062,5.35998,True,False,False,True,0.41689,14.66517,6.2981,0.5415,0.5622,0.0,0.51976,0.5241,0.52672,0.6687,0.05827,0.05827,0.18698,0.53589,0.52062,1.3468,2.74506,False,False,False,False,False,False,False,False,False,False,False,True,,,0,,2.99319,-6.2981,-12.2885,-412.30429,-6.2981,-2.23466,-2.99319,False,2,True,False,True,False,False,True,True,True,True,True,1.3298561972027616,-3.499749909553435,-0.6125876675008038,-4.185978895555024,-0.4460836445156198,,-0.9109110110510453,7.157739393739401,,0.07702756397073922,8.0,7.0,8.0,1.5,1.0,2.0,8.0,5,0.75,TRSDHLKRQRTTGEKPARSDHLKQMRTTGKKSKPSRSDNLKRMRTTGEKPSRSDHLKRIRTTGGEKPTRSDHLKRQRTTGEKPSRSDERKRIKTLKAKK
zinc_finger_29,9,TRSSHLKRQRTTGEKPSRSDHLKRMRTTGKSKPSRSDNLTRQRTTGEKPSRSDHLKRQRTTGGEKPVRSDHLKRQRTTGEKPARSDDLRRQRTARAAK,FQCRICMQNFTRSSHLKRHQRTHTGEKPFACDICGQKFSRSDHLKRHMRTHTGKSKPFQCRICMQNFSRSDNLTRHQRTHTGEKPFACDICGQKFSRSDHLKRHQRTHTGGEKPFQCRICMQNFVRSDHLKRHQRTHTGEKPFACDICGRKFARSDDLRRHQRTHARAAK,98,0.63544,3.89095,0.59762,11.68778,3.57302,34,,355.64014,31.7848,9.208,0.45918,0.54082,0.0,zinc_finger_29.cif,170,6,248.0,248.0,0.0,0.06122,0.04082,0.0,0.11224,0.05102,0.13265,0.0102,0.0,0.0102,0.06122,0.06122,0.0102,0.05102,0.04082,0.11224,0.04082,0.0,0.20408,0.0,0.0,390,41,37,4,0,0,0,0,-1,0,0,,,0,,0.0,0,-1,0,0,,,0,,0.0,0,-1,0,0,,,0,,0.0,-1,0,0,,4-167,37,,10.0,0,-1,0,0,,,0,,0.0,0,-1,0,0,,,0,,0.0,-1,0,0,,7-121,4,,5.0,0,-1,0,0,,,0,,0.0,"ProtTrypx37(pos4-167,sev10); MetOxx4(pos7-121,sev5)",0.0,0.0,0.0,0.0,3.57302,3.57302,,,,False,False,False,True,0.0,0.0,100000.25,100000.25,0.0,0.41571,0.0,0.0,0.0,0.0,0.0,0.0,0.41571,0.0,0.0,0.0,0.65602,0.65602,1.03426,0.0,False,False,False,False,False,False,False,False,False,False,False,False,11.68778,2.98918,1.98136,28.55998,30.37436,False,False,False,True,0.50837,12.13527,3.89095,0.65505,0.6752,0.0,0.63193,0.63621,0.63544,0.76949,0.09651,0.09651,0.26019,0.53552,0.51967,1.14907,2.19526,False,False,False,False,True,True,False,False,False,False,True,True,,,0,,2.98918,-3.89095,-9.208,-355.64014,-3.89095,-11.68778,-2.98918,False,1,True,False,False,False,False,True,True,True,True,True,2.385307676006157,-1.3661974118607134,-1.2354939460199044,-4.593144300087489,-0.5747722276622884,,-0.9109110110510453,6.0358469841316715,,1.1750811664382819,11.0,9.0,11.0,8.5,4.5,4.5,11.0,6,0.7142857142857143,TRSSHLKRQRTTGEKPSRSDHLKRMRTTGKSKPSRSDNLTRQRTTGEKPSRSDHLKRQRTTGGEKPVRSDHLKRQRTTGEKPARSDDLRRQRTARAAK
zinc_finger_28,10,SRSSHLKRQRTTGEKPSRSSHLKRMRTTSKSKPSRSDNLKRQRTTGEKPSRSDHLRRQRTTGGEKPVRSDHLRRQRTTGEKPARSDELKRQRTKKAKK,FQCRICMQNFSRSSHLKRHQRTHTGEKPFACDICGQKFSRSSHLKRHMRTHTSKSKPFQCRICMQNFSRSDNLKRHQRTHTGEKPFACDICGQKFSRSDHLRRHQRTHTGGEKPFQCRICMQNFVRSDHLRRHQRTHTGEKPFACDICGRKFARSDELKRHQRTHKKAKK,98,0.66952,2.97374,0.58668,11.59363,3.7094,30,,323.12094,30.7764,7.0187,0.42857,0.57143,0.0,zinc_finger_28.cif,170,6,248.0,248.0,0.0,0.05102,0.02041,0.0,0.14286,0.05102,0.11224,0.0102,0.0,0.0102,0.04082,0.06122,0.0102,0.05102,0.05102,0.14286,0.04082,0.0,0.20408,0.0,0.0,420,44,40,4,0,0,0,0,-1,0,0,,,0,,0.0,0,-1,0,0,,,0,,0.0,0,-1,0,0,,,0,,0.0,-1,0,0,,4-169,40,,10.0,0,-1,0,0,,,0,,0.0,0,-1,0,0,,,0,,0.0,-1,0,0,,7-121,4,,5.0,0,-1,0,0,,,0,,0.0,"ProtTrypx40(pos4-169,sev10); MetOxx4(pos7-121,sev5)",0.0,0.0,0.0,0.0,3.7094,3.7094,,,,False,False,False,True,0.0,0.0,100000.25,100000.25,0.0,0.4215,0.0,0.0,0.0,0.0,0.0,0.0,0.4215,0.0,0.0,0.0,0.64456,0.64456,1.0234,0.0,False,False,False,False,False,False,False,False,False,False,False,False,11.59363,2.87279,1.59602,28.4125,30.26589,False,False,False,True,0.49916,11.42975,2.97374,0.67175,0.68311,0.0,0.66424,0.66828,0.66952,0.72424,0.12071,0.12071,0.32685,0.57506,0.56146,1.15816,2.20263,False,False,False,True,True,True,False,False,False,False,True,True,,,0,,2.87279,-2.97374,-7.0187,-323.12094,-2.97374,-11.59363,-2.87279,False,1,True,False,False,False,False,True,True,True,True,True,2.687228369300464,-1.627137203082161,-1.4728434538281028,-4.882515252901293,-0.6486257977425445,,-0.9109110110510453,5.138333056445488,,1.3386012886349945,9.0,11.0,9.0,11.5,4.5,5.0,11.5,7,0.6785714285714286,SRSSHLKRQRTTGEKPSRSSHLKRMRTTSKSKPSRSDNLKRQRTTGEKPSRSDHLRRQRTTGGEKPVRSDHLRRQRTTGEKPARSDELKRQRTKKAKK
