id,final_rank,designed_sequence,designed_chain_sequence,num_design,design_to_target_iptm,min_design_to_target_pae,design_ptm,filter_rmsd,designfolding-filter_rmsd,plip_hbonds_refolded,delta_sasa_refolded,design_largest_hydrophobic_patch_refolded,design_chain_hydrophobicity,design_hydrophobicity,loop,helix,sheet,file_name,num_prot_tokens,num_lig_atoms,num_resolved_tokens,num_tokens,UNK_fraction,GLY_fraction,ALA_fraction,CYS_fraction,SER_fraction,PRO_fraction,THR_fraction,VAL_fraction,ILE_fraction,ASN_fraction,ASP_fraction,LEU_fraction,MET_fraction,GLN_fraction,GLU_fraction,LYS_fraction,HIS_fraction,PHE_fraction,ARG_fraction,TYR_fraction,TRP_fraction,liability_score,liability_num_violations,liability_high_severity_violations,liability_medium_severity_violations,liability_low_severity_violations,liability_AspCleave_count,liability_ProtTryp_count,liability_MetOx_count,liability_HydroPatch_count,liability_NTCycl_count,liability_NTCycl_position,liability_NTCycl_length,liability_NTCycl_severity,liability_NTCycl_details,liability_NTCycl_positions,liability_NTCycl_num_positions,liability_NTCycl_global_details,liability_NTCycl_avg_severity,liability_ProtTryp_position,liability_ProtTryp_length,liability_ProtTryp_severity,liability_ProtTryp_details,liability_ProtTryp_positions,liability_ProtTryp_num_positions,liability_ProtTryp_global_details,liability_ProtTryp_avg_severity,liability_HydroPatch_position,liability_HydroPatch_length,liability_HydroPatch_severity,liability_HydroPatch_details,liability_HydroPatch_positions,liability_HydroPatch_num_positions,liability_HydroPatch_global_details,liability_HydroPatch_avg_severity,liability_AspBridge_count,liability_AspBridge_position,liability_AspBridge_length,liability_AspBridge_severity,liability_AspBridge_details,liability_AspBridge_positions,liability_AspBridge_num_positions,liability_AspBridge_global_details,liability_AspBridge_avg_severity,liability_AspCleave_position,liability_AspCleave_length,liability_AspCleave_severity,liability_AspCleave_details,liability_AspCleave_positions,liability_AspCleave_num_positions,liability_AspCleave_global_details,liability_AspCleave_avg_severity,liability_DPP4_count,liability_DPP4_position,liability_DPP4_length,liability_DPP4_severity,liability_DPP4_details,liability_DPP4_positions,liability_DPP4_num_positions,liability_DPP4_global_details,liability_DPP4_avg_severity,liability_TrpOx_count,liability_TrpOx_position,liability_TrpOx_length,liability_TrpOx_severity,liability_TrpOx_details,liability_TrpOx_positions,liability_TrpOx_num_positions,liability_TrpOx_global_details,liability_TrpOx_avg_severity,liability_MetOx_position,liability_MetOx_length,liability_MetOx_severity,liability_MetOx_details,liability_MetOx_positions,liability_MetOx_num_positions,liability_MetOx_global_details,liability_MetOx_avg_severity,liability_violations_summary,native_rmsd,native_rmsd_bb,native_rmsd_refolded,native_rmsd_bb_refolded,designfolding-bb_rmsd,designfolding-bb_rmsd_design,designfolding-bb_rmsd_target,designfolding-bb_rmsd_design_target,designfolding-bb_target_aligned_rmsd_design,designfolding-bb_rmsd<2.5,designfolding-bb_target_aligned<2.5,designfolding-bb_designability_rmsd_2,designfolding-bb_designability_rmsd_4,designfolding-ligand_iptm,designfolding-interaction_pae,designfolding-min_interaction_pae,designfolding-min_design_to_target_pae,designfolding-iptm,designfolding-ptm,designfolding-protein_iptm,designfolding-design_iptm,designfolding-design_iiptm,designfolding-design_to_target_iptm,designfolding-target_ptm,designfolding-design_ptm,designfolding-min_interaction_pae<1.5,designfolding-min_interaction_pae<2,designfolding-min_interaction_pae<2.5,designfolding-min_interaction_pae<3,designfolding-min_interaction_pae<4,designfolding-min_interaction_pae<5,designfolding-design_ptm>80,designfolding-design_ptm>75,designfolding-design_iptm>80,designfolding-design_iptm>70,designfolding-design_iptm>60,designfolding-design_iptm>50,bb_rmsd,bb_rmsd_design,bb_rmsd_target,bb_rmsd_design_target,bb_target_aligned_rmsd_design,bb_rmsd<2.5,bb_target_aligned<2.5,bb_designability_rmsd_2,bb_designability_rmsd_4,ligand_iptm,interaction_pae,min_interaction_pae,iptm,ptm,protein_iptm,design_iptm,design_iiptm,target_ptm,min_interaction_pae<1.5,min_interaction_pae<2,min_interaction_pae<2.5,min_interaction_pae<3,min_interaction_pae<4,min_interaction_pae<5,design_ptm>80,design_ptm>75,design_iptm>80,design_iptm>70,design_iptm>60,design_iptm>50,design_sasa_unbound_refolded,design_sasa_bound_refolded,plip_saltbridge_refolded,liability_UnpairedCys_count,liability_UnpairedCys_position,liability_UnpairedCys_length,liability_UnpairedCys_severity,liability_UnpairedCys_details,liability_UnpairedCys_positions,liability_UnpairedCys_num_positions,liability_UnpairedCys_global_details,liability_UnpairedCys_avg_severity,liability_details,filter_rmsd_design,neg_min_design_to_target_pae,neg_design_hydrophobicity,neg_design_largest_hydrophobic_patch_refolded,neg_min_interaction_pae,has_x,num_filters_passed,pass_has_x_filter,pass_filters,pass_filter_rmsd_filter,pass_filter_rmsd_design_filter,pass_designfolding-filter_rmsd_filter,pass_ALA_fraction_filter,pass_GLY_fraction_filter,pass_GLU_fraction_filter,pass_LEU_fraction_filter,pass_VAL_fraction_filter,rank_design_to_target_iptm,rank_design_ptm,rank_neg_min_design_to_target_pae,rank_plip_hbonds_refolded,rank_plip_saltbridge_refolded,rank_delta_sasa_refolded,max_rank,secondary_rank,quality_score,sequence
1g13prot_79,1,DLVVTQSPASQTVKEGGSATITCTTSQSANGIAWALQVPGKPAVLLVINGKPAGGSLASRFSGSGTSTTATLTISSLTSEDTGTYYCVASNPSDSLGPGTKLTVVPA,DLVVTQSPASQTVKEGGSATITCTTSQSANGIAWALQVPGKPAVLLVINGKPAGGSLASRFSGSGTSTTATLTISSLTSEDTGTYYCVASNPSDSLGPGTKLTVVPA,107,0.52718,3.45313,0.79943,2.4398,1.22405,3,779.72754,894.81848,42.9697,42.9697,0.42056,0.02804,0.5514,1g13prot_79.cif,269,0,269.0,269.0,0.0,0.11215,0.1028,0.01869,0.14953,0.06542,0.14953,0.08411,0.03738,0.02804,0.02804,0.08411,0.0,0.03738,0.01869,0.03738,0.0,0.00935,0.00935,0.01869,0.00935,100,11,9,2,0,0,0,0,0,0,-1,0,0,,,0,,0.0,-1,0,0,,14-101,5,,10.0,-1,0,0,,2-44,2,,5.0,0,-1,0,0,,30-49,2,,10.0,94,2,10,,,0,,0.0,0,-1,0,0,,,0,,0.0,0,34,1,10,,,0,,0.0,-1,0,0,,,0,,0.0,"AspBridgex2(pos30-49,sev10); AspCleave(pos94,sev10); ProtTrypx5(pos14-101,sev10); TrpOx(pos34,sev10); HydroPatchx2(pos2-44,sev5)",0.0,0.0,0.0,0.0,1.22405,1.22405,,,,True,False,True,True,0.0,0.0,100000.25,100000.25,0.0,0.76097,0.0,0.0,0.0,0.0,0.0,0.76097,False,False,False,False,False,False,False,True,False,False,False,False,2.4398,1.16129,0.86932,5.05893,5.05893,True,False,True,True,0.0,14.22251,3.45313,0.52718,0.65432,0.52718,0.52718,0.59167,0.75554,False,False,False,False,True,True,False,True,False,False,False,True,9631.72266,8851.99512,1,,,,,,,,,,,1.16129,-3.45313,-42.9697,-894.81848,-3.45313,False,9,True,True,True,True,True,True,True,True,True,True,1.0,2.0,1.0,0.5,1.0,1.0,2.0,1,1.0,DLVVTQSPASQTVKEGGSATITCTTSQSANGIAWALQVPGKPAVLLVINGKPAGGSLASRFSGSGTSTTATLTISSLTSEDTGTYYCVASNPSDSLGPGTKLTVVPA
1g13prot_12,2,QVQLVESGGGLVQAGGSLRLSCAASGFTFSSAAMGWYRQAPGKDRELVATIWYNGSTYYADSVKGRFTISRDNSKNTLYLQMNSLKPEDTAVYYCAAILPDAETFPLIVGPLVVLIPLPYFGQGTQVTVS,QVQLVESGGGLVQAGGSLRLSCAASGFTFSSAAMGWYRQAPGKDRELVATIWYNGSTYYADSVKGRFTISRDNSKNTLYLQMNSLKPEDTAVYYCAAILPDAETFPLIVGPLVVLIPLPYFGQGTQVTVS,130,0.4943,4.01911,0.73358,1.05964,2.40172,1,1466.15869,1490.29285,57.3006,57.3006,0.4,0.06923,0.53077,1g13prot_12.cif,292,0,292.0,292.0,0.0,0.1,0.09231,0.01538,0.09231,0.05385,0.06923,0.08462,0.03846,0.03077,0.03846,0.1,0.01538,0.05385,0.03077,0.03077,0.0,0.03846,0.03846,0.06154,0.01538,190,23,15,8,0,0,0,0,0,0,1,1,5,,,0,,0.0,-1,0,0,,19-86,9,,10.0,-1,0,0,,51-112,5,,5.0,0,-1,0,0,,54-83,3,,10.0,61,2,10,,,0,,0.0,0,-1,0,0,,,0,,0.0,0,-1,0,0,,36-52,2,,10.0,-1,0,0,,34-82,2,,5.0,"AspBridgex3(pos54-83,sev10); AspCleave(pos61,sev10); NTCycl(pos1,sev5); ProtTrypx9(pos19-86,sev10); MetOxx2(pos34-82,sev5); TrpOxx2(pos36-52,sev10); HydroPatchx5(pos51-112,sev5)",0.0,0.0,0.0,0.0,2.40172,2.40172,,,,True,False,False,True,0.0,0.0,100000.25,100000.25,0.0,0.72234,0.0,0.0,0.0,0.0,0.0,0.72234,False,False,False,False,False,False,False,False,False,False,False,False,1.05964,0.68899,0.64069,2.08071,2.08071,True,True,True,True,0.0,16.04789,4.01911,0.4943,0.55518,0.4943,0.4943,0.4943,0.71429,False,False,False,False,False,True,False,False,False,False,False,False,9657.94922,8191.79053,2,,,,,,,,,,,0.68899,-4.01911,-57.3006,-1490.29285,-4.01911,False,9,True,True,True,True,True,True,True,True,True,True,2.0,3.0,2.0,1.0,0.5,0.5,3.0,2,0.98989898989899,QVQLVESGGGLVQAGGSLRLSCAASGFTFSSAAMGWYRQAPGKDRELVATIWYNGSTYYADSVKGRFTISRDNSKNTLYLQMNSLKPEDTAVYYCAAILPDAETFPLIVGPLVVLIPLPYFGQGTQVTVS
1g13prot_14,3,EVQLVESGGGLVQAGGSLRLSCAASGFTFSSYAMSWYRQAPGKERELVAAISSSGSSKYYADSVKGRFTISRDNAKNTLYLQMNSLKPEDTAVYYCAAARDVSDLFGPVVAADPSRRDAWGQGTQVTVSS,EVQLVESGGGLVQAGGSLRLSCAASGFTFSSYAMSWYRQAPGKERELVAAISSSGSSKYYADSVKGRFTISRDNAKNTLYLQMNSLKPEDTAVYYCAAARDVSDLFGPVVAADPSRRDAWGQGTQVTVSS,130,0.43969,4.7577,0.82757,0.87439,1.58887,0,669.22461,882.81927,45.4327,45.4327,0.40769,0.11538,0.47692,1g13prot_14.cif,292,0,292.0,292.0,0.0,0.09231,0.12308,0.01538,0.14615,0.03077,0.04615,0.08462,0.01538,0.02308,0.05385,0.06923,0.01538,0.04615,0.03846,0.03846,0.0,0.03077,0.06154,0.05385,0.01538,210,23,19,4,0,0,0,0,0,0,-1,0,0,,,0,,0.0,-1,0,0,,19-117,13,,10.0,-1,0,0,,79-93,2,,5.0,0,-1,0,0,,74-84,2,,10.0,-1,0,0,,62-113,2,,10.0,0,-1,0,0,,,0,,0.0,0,-1,0,0,,36-120,2,,10.0,-1,0,0,,34-83,2,,5.0,"AspBridgex2(pos74-84,sev10); AspCleavex2(pos62-113,sev10); ProtTrypx13(pos19-117,sev10); MetOxx2(pos34-83,sev5); TrpOxx2(pos36-120,sev10); HydroPatchx2(pos79-93,sev5)",0.0,0.0,0.0,0.0,1.58887,1.58887,,,,True,False,True,True,0.0,0.0,100000.25,100000.25,0.0,0.74088,0.0,0.0,0.0,0.0,0.0,0.74088,False,False,False,False,False,False,False,False,False,False,False,False,0.87439,0.59804,0.40279,1.55009,1.55009,True,True,True,True,0.0,15.78087,4.7577,0.43969,0.6234,0.43969,0.43969,0.58849,0.79212,False,False,False,False,False,True,True,True,False,False,False,False,9842.12598,9172.90137,0,,,,,,,,,,,0.59804,-4.7577,-45.4327,-882.81927,-4.7577,False,9,True,True,True,True,True,True,True,True,True,True,3.0,1.0,3.0,1.5,1.5,1.5,3.0,2,0.9797979797979798,EVQLVESGGGLVQAGGSLRLSCAASGFTFSSYAMSWYRQAPGKERELVAAISSSGSSKYYADSVKGRFTISRDNAKNTLYLQMNSLKPEDTAVYYCAAARDVSDLFGPVVAADPSRRDAWGQGTQVTVSS
1g13prot_04,4,SLALVLALLVTLQQWLEKVLPDPELRKLLAEVIELVQKLRKLAEEKEAAGDEESAAEIRKVIEEVKELVAEALRLAREGKYEEARKLLEEAVKLAKEALEKY,SLALVLALLVTLQQWLEKVLPDPELRKLLAEVIELVQKLRKLAEEKEAAGDEESAAEIRKVIEEVKELVAEALRLAREGKYEEARKLLEEAVKLAKEALEKY,102,0.49454,5.16355,0.75389,1.33403,2.43407,4,1608.73438,1592.06067,57.6938,57.6938,0.10784,0.89216,0.0,1g13prot_04.cif,264,0,264.0,264.0,0.0,0.01961,0.14706,0.0,0.01961,0.01961,0.0098,0.08824,0.02941,0.0,0.01961,0.20588,0.0,0.02941,0.20588,0.11765,0.0,0.0,0.05882,0.01961,0.0098,210,22,20,2,0,0,0,0,0,0,-1,0,0,,,0,,0.0,-1,0,0,,18-101,18,,10.0,-1,0,0,,4-8,2,,5.0,0,-1,0,0,,,0,,0.0,22,2,10,,,0,,0.0,0,-1,0,0,,,0,,0.0,0,15,1,10,,,0,,0.0,-1,0,0,,,0,,0.0,"AspCleave(pos22,sev10); ProtTrypx18(pos18-101,sev10); TrpOx(pos15,sev10); HydroPatchx2(pos4-8,sev5)",0.0,0.0,0.0,0.0,2.43407,2.43407,,,,True,False,False,True,0.0,0.0,100000.25,100000.25,0.0,0.5974,0.0,0.0,0.0,0.0,0.0,0.5974,False,False,False,False,False,False,False,False,False,False,False,False,1.33403,0.70968,0.67964,2.68847,2.68847,True,False,True,True,0.0,13.8549,5.16355,0.49454,0.63175,0.49454,0.49454,0.52513,0.74458,False,False,False,False,False,False,False,True,False,False,False,False,9802.53711,8193.80273,4,,,,,,,,,,,0.70968,-5.16355,-57.6938,-1592.06067,-5.16355,False,6,True,False,True,True,True,True,True,False,True,True,4.0,4.0,4.0,2.0,2.0,2.0,4.0,3,0.9696969696969697,SLALVLALLVTLQQWLEKVLPDPELRKLLAEVIELVQKLRKLAEEKEAAGDEESAAEIRKVIEEVKELVAEALRLAREGKYEEARKLLEEAVKLAKEALEKY
1g13prot_02,5,SEERQIELVAKLLGIPKEKAAKVLELLKEASRRIIEEGRPLTIDLTTIAVAALLPPLGLPLGLIEPILREAVRLARERGDEELAALLERAIKRRAEAFIKAI,SEERQIELVAKLLGIPKEKAAKVLELLKEASRRIIEEGRPLTIDLTTIAVAALLPPLGLPLGLIEPILREAVRLARERGDEELAALLERAIKRRAEAFIKAI,102,0.63992,2.85774,0.72801,0.87792,6.80887,8,2485.46289,2107.69312,60.4468,60.4468,0.15686,0.84314,0.0,1g13prot_02.cif,264,0,264.0,264.0,0.0,0.04902,0.14706,0.0,0.01961,0.05882,0.02941,0.03922,0.10784,0.0,0.01961,0.18627,0.0,0.0098,0.14706,0.06863,0.0,0.0098,0.10784,0.0,0.0,180,18,18,0,0,0,0,0,0,0,-1,0,0,,,0,,0.0,-1,0,0,,4-100,18,,10.0,-1,0,0,,,0,,0.0,0,-1,0,0,,,0,,0.0,-1,0,0,,,0,,0.0,0,-1,0,0,,,0,,0.0,0,-1,0,0,,,0,,0.0,-1,0,0,,,0,,0.0,"ProtTrypx18(pos4-100,sev10)",0.0,0.0,0.0,0.0,6.80887,6.80887,,,,False,False,False,False,0.0,0.0,100000.25,100000.25,0.0,0.56849,0.0,0.0,0.0,0.0,0.0,0.56849,False,False,False,False,False,False,False,False,False,False,False,False,0.87792,0.83976,0.56083,1.70081,1.70081,True,True,True,True,0.0,10.39489,2.85774,0.63992,0.68332,0.63992,0.63992,0.65536,0.76283,False,False,False,True,True,True,False,False,False,False,True,True,9660.95898,7175.49609,3,,,,,,,,,,,0.83976,-2.85774,-60.4468,-2107.69312,-2.85774,False,3,True,False,True,True,False,True,True,True,True,True,8.0,11.0,11.0,3.5,5.5,6.0,11.0,4,0.9595959595959596,SEERQIELVAKLLGIPKEKAAKVLELLKEASRRIIEEGRPLTIDLTTIAVAALLPPLGLPLGLIEPILREAVRLARERGDEELAALLERAIKRRAEAFIKAI
1g13prot_82,6,RAQEVVEAFVAGARALAARLAAADPEAAAKAAEKAKELGAPTGVGAIAAGLRGGHPDGVSGAAAFAGGLIFAGAVLGAYQAAAA,RAQEVVEAFVAGARALAARLAAADPEAAAKAAEKAKELGAPTGVGAIAAGLRGGHPDGVSGAAAFAGGLIFAGAVLGAYQAAAA,84,0.66263,2.68011,0.72931,0.76003,13.51296,5,2470.66309,2740.56104,41.747,41.747,0.15476,0.84524,0.0,1g13prot_82.cif,246,0,246.0,246.0,0.0,0.15476,0.36905,0.0,0.0119,0.03571,0.0119,0.07143,0.02381,0.0,0.02381,0.07143,0.0,0.02381,0.05952,0.03571,0.0119,0.03571,0.04762,0.0119,0.0,95,10,9,1,0,0,0,0,0,0,-1,0,0,,,0,,0.0,-1,0,0,,1-52,7,,10.0,69,3,5,,,0,,0.0,0,-1,0,0,,,0,,0.0,-1,0,0,,24-57,2,,10.0,0,-1,0,0,,,0,,0.0,0,-1,0,0,,,0,,0.0,-1,0,0,,,0,,0.0,"AspCleavex2(pos24-57,sev10); ProtTrypx7(pos1-52,sev10); HydroPatch(pos69,sev5)",0.0,0.0,0.0,0.0,13.51296,13.51296,,,,False,False,False,False,0.0,0.0,100000.25,100000.25,0.0,0.37052,0.0,0.0,0.0,0.0,0.0,0.37052,False,False,False,False,False,False,False,False,False,False,False,False,0.76003,0.80191,0.60039,1.13335,1.13335,True,True,True,True,0.0,8.98972,2.68011,0.66263,0.74036,0.66263,0.66263,0.67964,0.78067,False,False,False,True,True,True,False,False,False,False,True,True,9673.12891,7202.46582,1,,,,,,,,,,,0.80191,-2.68011,-41.747,-2740.56104,-2.68011,False,3,True,False,True,True,False,False,True,True,True,True,6.0,10.0,10.0,9.5,12.5,6.5,12.5,5,0.9494949494949495,RAQEVVEAFVAGARALAARLAAADPEAAAKAAEKAKELGAPTGVGAIAAGLRGGHPDGVSGAAAFAGGLIFAGAVLGAYQAAAA
1g13prot_87,7,GGGALVLAFSGVGALLGGTGAGTAAVLAKVRAGEEVSKEKLKAAAAGIGLAIGVPISKAGADAMSEEQLKERILNALKAFEEYV,GGGALVLAFSGVGALLGGTGAGTAAVLAKVRAGEEVSKEKLKAAAAGIGLAIGVPISKAGADAMSEEQLKERILNALKAFEEYV,84,0.5928,2.50028,0.72128,1.24718,9.68931,4,2377.24609,2112.68945,48.3351,48.3351,0.2381,0.7619,0.0,1g13prot_87.cif,246,0,246.0,246.0,0.0,0.16667,0.21429,0.0,0.04762,0.0119,0.02381,0.08333,0.04762,0.0119,0.0119,0.11905,0.0119,0.0119,0.09524,0.08333,0.0,0.02381,0.02381,0.0119,0.0,110,12,10,2,0,0,0,0,0,0,-1,0,0,,,0,,0.0,-1,0,0,,29-78,9,,10.0,5,3,5,,,0,,0.0,0,75,2,10,,,0,,0.0,-1,0,0,,,0,,0.0,0,-1,0,0,,,0,,0.0,0,-1,0,0,,,0,,0.0,64,1,5,,,0,,0.0,"AspBridge(pos75,sev10); ProtTrypx9(pos29-78,sev10); MetOx(pos64,sev5); HydroPatch(pos5,sev5)",0.0,0.0,0.0,0.0,9.68931,9.68931,,,,False,False,False,False,0.0,0.0,100000.25,100000.25,0.0,0.55025,0.0,0.0,0.0,0.0,0.0,0.55025,False,False,False,False,False,False,False,False,False,False,False,False,1.24718,1.41636,0.8525,2.00438,2.00438,True,True,True,True,0.0,10.40011,2.50028,0.5928,0.70023,0.5928,0.5928,0.62398,0.75594,False,False,False,True,True,True,False,False,False,False,False,True,9836.80371,7459.55762,1,,,,,,,,,,,1.41636,-2.50028,-48.3351,-2112.68945,-2.50028,False,3,True,False,True,True,False,True,True,True,True,True,14.0,13.0,7.0,12.0,12.5,10.0,14.0,6,0.9393939393939394,GGGALVLAFSGVGALLGGTGAGTAAVLAKVRAGEEVSKEKLKAAAAGIGLAIGVPISKAGADAMSEEQLKERILNALKAFEEYV
1g13prot_64,8,GLGVLQGAATGADGATQATGAVIYSGVGALVGTGRRLGPDTTVAEAIAELRARGATPGTVEAAESAARGLGLLDKPMAEFRKALTSLC,GLGVLQGAATGADGATQATGAVIYSGVGALVGTGRRLGPDTTVAEAIAELRARGATPGTVEAAESAARGLGLLDKPMAEFRKALTSLC,88,0.60948,2.99828,0.78804,1.2236,6.01133,7,2158.33203,1281.94214,42.6572,42.6572,0.25,0.72727,0.02273,1g13prot_64.cif,250,0,250.0,250.0,0.0,0.17045,0.20455,0.01136,0.03409,0.03409,0.10227,0.06818,0.02273,0.0,0.03409,0.11364,0.01136,0.02273,0.05682,0.02273,0.0,0.01136,0.06818,0.01136,0.0,110,12,10,2,0,0,0,0,0,0,-1,0,0,,,0,,0.0,-1,0,0,,35-82,8,,10.0,22,3,5,,,0,,0.0,0,-1,0,0,,,0,,0.0,13,2,10,,,0,,0.0,0,-1,0,0,,,0,,0.0,0,-1,0,0,,,0,,0.0,77,1,5,,,0,,0.0,"AspCleave(pos13,sev10); ProtTrypx8(pos35-82,sev10); MetOx(pos77,sev5); HydroPatch(pos22,sev5); UnpairedCys(pos88,sev10)",0.0,0.0,0.0,0.0,6.01133,6.01133,,,,False,False,False,False,0.0,0.0,100000.25,100000.25,0.0,0.55201,0.0,0.0,0.0,0.0,0.0,0.55201,False,False,False,False,False,False,False,False,False,False,False,False,1.2236,0.85645,1.25007,1.38466,1.38466,True,True,True,True,0.0,9.84729,2.99828,0.60948,0.70611,0.60948,0.60948,0.63411,0.75859,False,False,False,True,True,True,False,True,False,False,True,True,9667.64648,7509.31445,3,1.0,88.0,1.0,10.0,,,,,,,0.85645,-2.99828,-42.6572,-1281.94214,-2.99828,False,3,True,False,True,True,False,True,True,True,True,True,12.0,5.0,14.0,6.0,5.5,15.0,15.0,7,0.9292929292929293,GLGVLQGAATGADGATQATGAVIYSGVGALVGTGRRLGPDTTVAEAIAELRARGATPGTVEAAESAARGLGLLDKPMAEFRKALTSLC
1g13prot_21,9,SLKEEAIELAEKAIELAEKNGNPLLVKLAKHVLEKAKAAKNEAEARTALRVARFLLKLAERGYTDEQIESLLALIAGGGILPALAGLAALLGLG,SLKEEAIELAEKAIELAEKNGNPLLVKLAKHVLEKAKAAKNEAEARTALRVARFLLKLAERGYTDEQIESLLALIAGGGILPALAGLAALLGLG,94,0.63554,2.44928,0.77721,1.02384,6.38304,6,2097.36865,1878.17712,56.0046,56.0046,0.19149,0.80851,0.0,1g13prot_21.cif,256,0,256.0,256.0,0.0,0.08511,0.20213,0.0,0.02128,0.02128,0.02128,0.03191,0.05319,0.03191,0.01064,0.21277,0.0,0.01064,0.12766,0.09574,0.01064,0.01064,0.04255,0.01064,0.0,150,16,14,2,0,0,0,0,0,0,-1,0,0,,,0,,0.0,-1,0,0,,3-61,13,,10.0,-1,0,0,,24-54,2,,5.0,0,20,2,10,,,0,,0.0,-1,0,0,,,0,,0.0,0,-1,0,0,,,0,,0.0,0,-1,0,0,,,0,,0.0,-1,0,0,,,0,,0.0,"AspBridge(pos20,sev10); ProtTrypx13(pos3-61,sev10); HydroPatchx2(pos24-54,sev5)",0.0,0.0,0.0,0.0,6.38304,6.38304,,,,False,False,False,False,0.0,0.0,100000.25,100000.25,0.0,0.66271,0.0,0.0,0.0,0.0,0.0,0.66271,False,False,False,False,False,False,False,False,False,False,False,False,1.02384,0.92196,0.85513,1.3731,1.3731,True,True,True,True,0.0,10.21488,2.44928,0.63554,0.70643,0.63554,0.63554,0.6416,0.77071,False,False,True,True,True,True,False,True,False,False,True,True,9687.31836,7589.94971,2,,,,,,,,,,,0.92196,-2.44928,-56.0046,-1878.17712,-2.44928,False,3,True,False,True,True,False,True,True,True,True,True,9.0,7.0,6.0,7.0,9.0,15.5,15.5,8,0.9191919191919192,SLKEEAIELAEKAIELAEKNGNPLLVKLAKHVLEKAKAAKNEAEARTALRVARFLLKLAERGYTDEQIESLLALIAGGGILPALAGLAALLGLG
1g13prot_67,10,SAESIREGLKKAAEALKPAEEASRAEVEAEYSGEALAFAQALADALRAGMERLISGEAGAEAAESFATGIALGAIIPGALAAYLAAAG,SAESIREGLKKAAEALKPAEEASRAEVEAEYSGEALAFAQALADALRAGMERLISGEAGAEAAESFATGIALGAIIPGALAAYLAAAG,88,0.64847,3.19127,0.71785,0.97554,7.33079,6,2662.63672,2583.07373,46.2939,46.2939,0.125,0.875,0.0,1g13prot_67.cif,250,0,250.0,250.0,0.0,0.10227,0.31818,0.0,0.06818,0.02273,0.01136,0.01136,0.05682,0.0,0.01136,0.10227,0.01136,0.01136,0.14773,0.03409,0.0,0.02273,0.04545,0.02273,0.0,75,8,7,1,0,0,0,0,0,0,-1,0,0,,,0,,0.0,-1,0,0,,6-52,7,,10.0,-1,0,0,,,0,,0.0,0,-1,0,0,,,0,,0.0,-1,0,0,,,0,,0.0,0,-1,0,0,,,0,,0.0,0,-1,0,0,,,0,,0.0,50,1,5,,,0,,0.0,"ProtTrypx7(pos6-52,sev10); MetOx(pos50,sev5)",0.0,0.0,0.0,0.0,7.33079,7.33079,,,,False,False,False,False,0.0,0.0,100000.25,100000.25,0.0,0.34948,0.0,0.0,0.0,0.0,0.0,0.34948,False,False,False,False,False,False,False,False,False,False,False,False,0.97554,0.80629,0.87773,1.23844,1.23844,True,True,True,True,0.0,9.64515,3.19127,0.64847,0.72537,0.64847,0.64847,0.65796,0.76715,False,False,False,False,True,True,False,False,False,False,True,True,9704.90039,7042.26367,6,,,,,,,,,,,0.80629,-3.19127,-46.2939,-2583.07373,-3.19127,False,3,True,False,True,True,False,False,True,True,True,True,7.0,14.0,16.0,7.0,3.0,2.5,16.0,9,0.9090909090909091,SAESIREGLKKAAEALKPAEEASRAEVEAEYSGEALAFAQALADALRAGMERLISGEAGAEAAESFATGIALGAIIPGALAAYLAAAG
